ID,Name,Track_ID,Kp_BeginValue,Kp_BeginCorrected_Trolley_Value,Kp_EndValue,Kp_EndCorrected_Trolley_Value,Train_Formation_Characteristics_ID_List,Direction_After_Change_Of_Direction,SSP_ID_List,Change_Of_Ends_Zone_ID_List,Default_Stop,Traffic_Reversal_Commands
1,COD_ASW_3B_LU_29_35_U,TR_3B_ASW_ITW,1029722,0,1042450,0,TRFC_M5M6;TRFC_S1S2_1;TRFC_S1S2_2;TRFC_S1S2_3;TRFC_S1S2_4;TRFC_S3M4_1;TRFC_S3M4_2;TRFC_S3M4_3;TRFC_S3M4_4,Up,SSP_ASW_33_D_1;SSP_ASW_33_D_2;SSP_ASW_31_D_3;SSP_ASW_31_D_4;SSP_ASW_33_U_1;SSP_ASW_33_U_2;SSP_ASW_35_U_3;SSP_ASW_35_U_4,COE_ASW_3B_LU_29_35_U,false,None
2,COD_ASW_4B_RD_24A_22D_U,TR_4B_ASW_ITW,1035773,0,1048491,0,TRFC_M5M6;TRFC_S1S2_1;TRFC_S1S2_2;TRFC_S1S2_3;TRFC_S1S2_4;TRFC_S3M4_1;TRFC_S3M4_2;TRFC_S3M4_3;TRFC_S3M4_4,Up,SSP_ASW_24_U_1;SSP_ASW_24_U_2;SSP_ASW_24_U_3;SSP_ASW_24_U_4;SSP_ASW_24_D_1;SSP_ASW_24_D_2;SSP_ASW_24_D_3;SSP_ASW_24_D_4,COE_ASW_4B_RD_24A_22D_U,false,None
3,COD_ZD_39_D,TR_3B_ASW_ITW,1077106,-4,1100877,10,TRFC_M5M6;TRFC_S1S2_1;TRFC_S1S2_2;TRFC_S1S2_3;TRFC_S1S2_4;TRFC_S3M4_1;TRFC_S3M4_2;TRFC_S3M4_3;TRFC_S3M4_4,Down,SSP_ZD_39_U,COE_ZD_39_D,false,None
4,COD_ZD_28_D,TR_4B_ASW_ITW,1077199,46,1100962,115,TRFC_M5M6;TRFC_S1S2_1;TRFC_S1S2_2;TRFC_S1S2_3;TRFC_S1S2_4;TRFC_S3M4_1;TRFC_S3M4_2;TRFC_S3M4_3;TRFC_S3M4_4,Down,SSP_ZD_28_U,COE_ZD_28_D,false,None
5,COD_HVW_3B_LU_3_B,TR_3B_ASW_ITW,1261277,0,1274616,0,TRFC_M5M6;TRFC_S1S2_1;TRFC_S1S2_2;TRFC_S1S2_3;TRFC_S1S2_4;TRFC_S3M4_1;TRFC_S3M4_2;TRFC_S3M4_3;TRFC_S3M4_4,Both,SSP_HVW_3_U_1;SSP_HVW_3_U_2;SSP_HVW_3_U_3;SSP_HVW_3_U_4;SSP_HVW_3_D_1;SSP_HVW_3_D_2;SSP_HVW_3_D_3;SSP_HVW_3_D_4,COE_HVW_3B_LU_3_D;COE_HVW_3B_LU_3_U,false,None
6,COD_HVW_4B_RD_4_B,TR_4B_ASW_ITW,1263437,0,1276756,0,TRFC_M5M6;TRFC_S1S2_1;TRFC_S1S2_2;TRFC_S1S2_3;TRFC_S1S2_4;TRFC_S3M4_1;TRFC_S3M4_2;TRFC_S3M4_3;TRFC_S3M4_4,Both,SSP_HVW_4_U_1;SSP_HVW_4_U_2;SSP_HVW_4_U_3;SSP_HVW_4_U_4;SSP_HVW_4_D_1;SSP_HVW_4_D_2;SSP_HVW_4_D_3;SSP_HVW_4_D_4,COE_HVW_4B_RD_4_D;COE_HVW_4B_RD_4_U,false,None
7,COD_HDS_3B_LU_7_B,TR_3B_ASW_ITW,1331038,0,1344112,0,TRFC_M5M6;TRFC_S1S2_1;TRFC_S1S2_2;TRFC_S1S2_3;TRFC_S1S2_4;TRFC_S3M4_1;TRFC_S3M4_2;TRFC_S3M4_3;TRFC_S3M4_4,Both,SSP_HDS_7_U_1;SSP_HDS_7_U_2;SSP_HDS_7_U_3;SSP_HDS_7_U_4;SSP_HDS_7_D,COE_HDS_3B_LU_7_D;COE_HDS_3B_LU_7_U,false,None
8,COD_HDS_4B_RD_8_B,TR_4B_ASW_ITW,1333137,0,1346204,0,TRFC_M5M6;TRFC_S1S2_1;TRFC_S1S2_2;TRFC_S1S2_3;TRFC_S1S2_4;TRFC_S3M4_1;TRFC_S3M4_2;TRFC_S3M4_3;TRFC_S3M4_4,Both,SSP_HDS_8_U_1;SSP_HDS_8_U_2;SSP_HDS_8_U_3;SSP_HDS_8_U_4;SSP_HDS_8_D,COE_HDS_4B_RD_8_D;COE_HDS_4B_RD_8_U,false,None
9,COD_HDS_101A_B,TR_S_1697_HDS,1420793,88,1425115,61,TRFC_M5M6;TRFC_S1S2_1;TRFC_S1S2_2;TRFC_S1S2_3;TRFC_S1S2_4;TRFC_S3M4_1;TRFC_S3M4_2;TRFC_S3M4_3;TRFC_S3M4_4,Both,SSP_HDS_101A_D;SSP_HDS_101A_U,COE_HDS_101A_101D_D;COE_HDS_101A_101D_U,false,Up
10,COD_HDS_101B_B,TR_S_1697_HDS,1425115,61,1428315,79,TRFC_S1S2_1;TRFC_S1S2_2;TRFC_S1S2_3;TRFC_S3M4_1;TRFC_S3M4_2;TRFC_S3M4_3,Both,SSP_HDS_101B_D;SSP_HDS_101B_U,COE_HDS_101A_101D_D;COE_HDS_101A_101D_U,false,None
11,COD_HDS_101C_B,TR_S_1697_HDS,1428315,79,1431515,26,TRFC_S1S2_1;TRFC_S1S2_2;TRFC_S1S2_3;TRFC_S3M4_1;TRFC_S3M4_2;TRFC_S3M4_3,Both,SSP_HDS_101C_D;SSP_HDS_101C_U,COE_HDS_101A_101D_D;COE_HDS_101A_101D_U,false,None
12,COD_HDS_101D_B,TR_S_1697_HDS,1431515,26,1435837,-7,TRFC_M5M6;TRFC_S1S2_1;TRFC_S1S2_2;TRFC_S1S2_3;TRFC_S1S2_4;TRFC_S3M4_1;TRFC_S3M4_2;TRFC_S3M4_3;TRFC_S3M4_4,Both,SSP_HDS_101D_U;SSP_HDS_101D_D,COE_HDS_101A_101D_D;COE_HDS_101A_101D_U,false,Down
13,COD_LLL_3B_LU_11_B,TR_3B_ASW_ITW,1386771,0,1399261,0,TRFC_M5M6;TRFC_S1S2_1;TRFC_S1S2_2;TRFC_S1S2_3;TRFC_S1S2_4;TRFC_S3M4_1;TRFC_S3M4_2;TRFC_S3M4_3;TRFC_S3M4_4,Both,SSP_LLL_11_U_1;SSP_LLL_11_U_2;SSP_LLL_11_U_3;SSP_LLL_11_U_4;SSP_LLL_11_D_1;SSP_LLL_11_D_2;SSP_LLL_11_D_3;SSP_LLL_11_D_4,COE_LLL_3B_LU_11_D;COE_LLL_3B_LU_11_U,false,None
14,COD_LLL_4B_RD_12_B,TR_4B_ASW_ITW,1388838,0,1401301,0,TRFC_M5M6;TRFC_S1S2_1;TRFC_S1S2_2;TRFC_S1S2_3;TRFC_S1S2_4;TRFC_S3M4_1;TRFC_S3M4_2;TRFC_S3M4_3;TRFC_S3M4_4,Both,SSP_LLL_12_U_1;SSP_LLL_12_U_2;SSP_LLL_12_U_3;SSP_LLL_12_U_4;SSP_LLL_12_D_1;SSP_LLL_12_D_2;SSP_LLL_12_D_3;SSP_LLL_12_D_4,COE_LLL_4B_RD_12_D;COE_LLL_4B_RD_12_U,false,None
15,COD_PJW_3B_LU_1_B,TR_3B_ASW_ITW,1466499,0,1479541,0,TRFC_M5M6;TRFC_S1S2_1;TRFC_S1S2_2;TRFC_S1S2_3;TRFC_S1S2_4;TRFC_S3M4_1;TRFC_S3M4_2;TRFC_S3M4_3;TRFC_S3M4_4,Both,SSP_PJW_1_U_1;SSP_PJW_1_U_2;SSP_PJW_1_U_3;SSP_PJW_1_U_4;SSP_PJW_1_D,COE_PJW_3B_LU_1_D;COE_PJW_3B_LU_1_U,false,None
16,COD_PJW_4B_RD_2_B,TR_4B_ASW_ITW,1468519,0,1481591,0,TRFC_M5M6;TRFC_S1S2_1;TRFC_S1S2_2;TRFC_S1S2_3;TRFC_S1S2_4;TRFC_S3M4_1;TRFC_S3M4_2;TRFC_S3M4_3;TRFC_S3M4_4,Both,SSP_PJW_2_U_1;SSP_PJW_2_U_2;SSP_PJW_2_U_3;SSP_PJW_2_U_4;SSP_PJW_2_D,COE_PJW_4B_RD_2_D;COE_PJW_4B_RD_2_U,false,None
17,COD_JLS_3B_LU_5_B,TR_3B_ASW_ITW,1547035,0,1560068,0,TRFC_M5M6;TRFC_S1S2_1;TRFC_S1S2_2;TRFC_S1S2_3;TRFC_S1S2_4;TRFC_S3M4_1;TRFC_S3M4_2;TRFC_S3M4_3;TRFC_S3M4_4,Both,SSP_JLS_5_U;SSP_JLS_5_D_1;SSP_JLS_5_D_2;SSP_JLS_5_D_3;SSP_JLS_5_D_4,COE_JLS_3B_LU_5_D;COE_JLS_3B_LU_5_U,false,None
18,COD_JLS_4B_RD_6_B,TR_4B_ASW_ITW,1549223,0,1562286,0,TRFC_M5M6;TRFC_S1S2_1;TRFC_S1S2_2;TRFC_S1S2_3;TRFC_S1S2_4;TRFC_S3M4_1;TRFC_S3M4_2;TRFC_S3M4_3;TRFC_S3M4_4,Both,SSP_JLS_6_U;SSP_JLS_6_D_1;SSP_JLS_6_D_2;SSP_JLS_6_D_3;SSP_JLS_6_D_4,COE_JLS_4B_RD_6_D;COE_JLS_4B_RD_6_U,false,None
19,COD_VLN_3B_LU_9_B,TR_3B_ASW_ITW,1633923,0,1646981,0,TRFC_M5M6;TRFC_S1S2_1;TRFC_S1S2_2;TRFC_S1S2_3;TRFC_S1S2_4;TRFC_S3M4_1;TRFC_S3M4_2;TRFC_S3M4_3;TRFC_S3M4_4,Both,SSP_VLN_9_U_1;SSP_VLN_9_U_2;SSP_VLN_9_U_3;SSP_VLN_9_U_4;SSP_VLN_9_D,COE_VLN_3B_LU_9_D;COE_VLN_3B_LU_9_U,false,None
20,COD_VLN_4B_RD_10_B,TR_4B_ASW_ITW,1636047,0,1649108,0,TRFC_M5M6;TRFC_S1S2_1;TRFC_S1S2_2;TRFC_S1S2_3;TRFC_S1S2_4;TRFC_S3M4_1;TRFC_S3M4_2;TRFC_S3M4_3;TRFC_S3M4_4,Both,SSP_VLN_10_U_1;SSP_VLN_10_U_2;SSP_VLN_10_U_3;SSP_VLN_10_U_4;SSP_VLN_10_D,COE_VLN_4B_RD_10_D;COE_VLN_4B_RD_10_U,false,None
21,COD_STD_3B_LU_13_B,TR_3B_ASW_ITW,1738413,0,1751399,0,TRFC_M5M6;TRFC_S1S2_1;TRFC_S1S2_2;TRFC_S1S2_3;TRFC_S1S2_4;TRFC_S3M4_1;TRFC_S3M4_2;TRFC_S3M4_3;TRFC_S3M4_4,Both,SSP_STD_13_U_1;SSP_STD_13_U_2;SSP_STD_13_U_3;SSP_STD_13_U_4;SSP_STD_13_D_1;SSP_STD_13_D_2;SSP_STD_13_D_3;SSP_STD_13_D_4,COE_STD_3B_LU_13_D;COE_STD_3B_LU_13_U,false,None
22,COD_STD_4B_RD_14_22_B,TR_4B_ASW_ITW,1740478,0,1753467,0,TRFC_M5M6;TRFC_S1S2_1;TRFC_S1S2_2;TRFC_S1S2_3;TRFC_S1S2_4;TRFC_S3M4_1;TRFC_S3M4_2;TRFC_S3M4_3;TRFC_S3M4_4,Both,SSP_STD_18_U_1;SSP_STD_18_U_2;SSP_STD_20_U_3;SSP_STD_20_U_4;SSP_STD_18_D_1;SSP_STD_18_D_2;SSP_STD_16_D_3;SSP_STD_16_D_4,COE_STD_4B_RD_14_22_D;COE_STD_4B_RD_14_22_U,false,None
23,COD_ITW_3B_LU_3A_3C_D,TR_3B_ASW_ITW,1862230,0,1875404,0,TRFC_M5M6;TRFC_S1S2_1;TRFC_S1S2_2;TRFC_S1S2_3;TRFC_S1S2_4;TRFC_S3M4_1;TRFC_S3M4_2;TRFC_S3M4_3;TRFC_S3M4_4,Down,SSP_ITW_3_U_1;SSP_ITW_3_U_2;SSP_ITW_3_U_3;SSP_ITW_3_U_4;SSP_ITW_3_D_1;SSP_ITW_3_D_2;SSP_ITW_3_D_3;SSP_ITW_3_D_4,COE_ITW_3B_LU_3A_3C_D,false,None
24,COD_ITW_4B_RD_4A_4C_D,TR_4B_ASW_ITW,1865004,0,1877893,0,TRFC_M5M6;TRFC_S1S2_1;TRFC_S1S2_2;TRFC_S1S2_3;TRFC_S1S2_4;TRFC_S3M4_1;TRFC_S3M4_2;TRFC_S3M4_3;TRFC_S3M4_4,Down,SSP_ITW_4_U_1;SSP_ITW_4_U_2;SSP_ITW_4_U_3;SSP_ITW_4_U_4;SSP_ITW_4_D_1;SSP_ITW_4_D_2;SSP_ITW_4_D_3;SSP_ITW_4_D_4,COE_ITW_4B_RD_4A_4C_D,false,None
25,COD_ITW_101A_U,TR_S_ITW1_ITW,1865059,0,1868536,0,TRFC_M5M6;TRFC_S1S2_1;TRFC_S1S2_2;TRFC_S1S2_3;TRFC_S1S2_4;TRFC_S3M4_1;TRFC_S3M4_2;TRFC_S3M4_3;TRFC_S3M4_4,Up,SSP_ITW_101A_D,COE_ITW_101A_101D_U,false,Up
26,COD_ITW_101B_U,TR_S_ITW1_ITW,1868536,0,1871747,0,TRFC_S1S2_1;TRFC_S1S2_2;TRFC_S1S2_3;TRFC_S3M4_1;TRFC_S3M4_2;TRFC_S3M4_3,Up,SSP_ITW_101B_D,COE_ITW_101A_101D_U,false,None
27,COD_ITW_101C_U,TR_S_ITW1_ITW,1871747,0,1874963,0,TRFC_S1S2_1;TRFC_S1S2_2;TRFC_S3M4_1;TRFC_S3M4_2,Up,SSP_ITW_101C_D,COE_ITW_101A_101D_U,false,None
28,COD_ITW_101D_U,TR_S_ITW1_ITW,1874963,0,1879145,0,TRFC_S1S2_1;TRFC_S3M4_1,Up,SSP_ITW_101D_D,COE_ITW_101A_101D_U,false,None
29,COD_ITW_103A_D,TR_S_ITW1_ITW,1885998,0,1889883,0,TRFC_S1S2_1;TRFC_S3M4_1,Down,SSP_ITW_103A_U,COE_ITW_103A_103D_D,false,None
30,COD_ITW_103B_D,TR_S_ITW1_ITW,1889883,0,1893083,0,TRFC_S1S2_1;TRFC_S1S2_2;TRFC_S3M4_1;TRFC_S3M4_2,Down,SSP_ITW_103B_U,COE_ITW_103A_103D_D,false,None
31,COD_ITW_103C_D,TR_S_ITW1_ITW,1893083,0,1896283,0,TRFC_S1S2_1;TRFC_S1S2_2;TRFC_S1S2_3;TRFC_S3M4_1;TRFC_S3M4_2;TRFC_S3M4_3,Down,SSP_ITW_103C_U,COE_ITW_103A_103D_D,false,None
32,COD_ITW_103D_D,TR_S_ITW1_ITW,1896283,0,1899600,0,TRFC_M5M6;TRFC_S1S2_1;TRFC_S1S2_2;TRFC_S1S2_3;TRFC_S1S2_4;TRFC_S3M4_1;TRFC_S3M4_2;TRFC_S3M4_3;TRFC_S3M4_4,Down,SSP_ITW_103D_U,COE_ITW_103A_103D_D,false,Down
33,COD_ITW_110A_U,TR_S_EOT_1529_ITW,1860477,0,1864014,0,TRFC_M5M6;TRFC_S1S2_1;TRFC_S1S2_2;TRFC_S1S2_3;TRFC_S1S2_4;TRFC_S3M4_1;TRFC_S3M4_2;TRFC_S3M4_3;TRFC_S3M4_4,Up,SSP_ITW_110A_D,COE_ITW_110A_110D_U,false,Up
34,COD_ITW_110B_U,TR_S_EOT_1529_ITW,1864014,0,1867228,0,TRFC_S1S2_1;TRFC_S1S2_2;TRFC_S1S2_3;TRFC_S3M4_1;TRFC_S3M4_2;TRFC_S3M4_3,Up,SSP_ITW_110B_D,COE_ITW_110A_110D_U,false,None
35,COD_ITW_110C_U,TR_S_EOT_1529_ITW,1867228,0,1870407,0,TRFC_S1S2_1;TRFC_S1S2_2;TRFC_S3M4_1;TRFC_S3M4_2,Up,SSP_ITW_110C_D,COE_ITW_110A_110D_U,false,None
36,COD_ITW_110D_U,TR_S_EOT_1529_ITW,1870407,0,1874550,0,TRFC_S1S2_1;TRFC_S3M4_1,Up,SSP_ITW_110D_D,COE_ITW_110A_110D_U,false,None
37,COD_ITW_150A_D,TR_3C_ITW_ITW,1886607,0,1890817,0,TRFC_S1S2_1;TRFC_S3M4_1,Down,SSP_ITW_150A_U,COE_ITW_150A_150D_D,false,None
38,COD_ITW_150B_D,TR_3C_ITW_ITW,1890817,0,1894027,0,TRFC_S1S2_1;TRFC_S1S2_2;TRFC_S3M4_1;TRFC_S3M4_2,Down,SSP_ITW_150B_U,COE_ITW_150A_150D_D,false,None
39,COD_ITW_150C_D,TR_3C_ITW_ITW,1894027,0,1897237,0,TRFC_S1S2_1;TRFC_S1S2_2;TRFC_S1S2_3;TRFC_S3M4_1;TRFC_S3M4_2;TRFC_S3M4_3,Down,SSP_ITW_150C_U,COE_ITW_150A_150D_D,false,None
40,COD_ITW_150D_D,TR_3C_ITW_ITW,1897237,0,1900775,0,TRFC_M5M6;TRFC_S1S2_1;TRFC_S1S2_2;TRFC_S1S2_3;TRFC_S1S2_4;TRFC_S3M4_1;TRFC_S3M4_2;TRFC_S3M4_3;TRFC_S3M4_4,Down,SSP_ITW_150D_U,COE_ITW_150A_150D_D,false,Down
41,COD_ITW_161A_D,TR_S_1505_EOT_ITW,1887512,0,1890950,0,TRFC_S1S2_1;TRFC_S3M4_1,Down,SSP_ITW_161A_U,COE_ITW_161A_161D_D,false,None
42,COD_ITW_161B_D,TR_S_1505_EOT_ITW,1890950,0,1894150,0,TRFC_S1S2_1;TRFC_S1S2_2;TRFC_S3M4_1;TRFC_S3M4_2,Down,SSP_ITW_161B_U,COE_ITW_161A_161D_D,false,None
43,COD_ITW_161C_D,TR_S_1505_EOT_ITW,1894150,0,1897354,0,TRFC_S1S2_1;TRFC_S1S2_2;TRFC_S1S2_3;TRFC_S3M4_1;TRFC_S3M4_2;TRFC_S3M4_3,Down,SSP_ITW_161C_U,COE_ITW_161A_161D_D,false,None
44,COD_ITW_161D_D,TR_S_1505_EOT_ITW,1897354,0,1900871,0,TRFC_M5M6;TRFC_S1S2_1;TRFC_S1S2_2;TRFC_S1S2_3;TRFC_S1S2_4;TRFC_S3M4_1;TRFC_S3M4_2;TRFC_S3M4_3;TRFC_S3M4_4,Down,SSP_ITW_161D_U,COE_ITW_161A_161D_D,false,Down
45,COD_ITW_170A_D,TR_S_1531_EOT_ITW,1887513,0,1890997,0,TRFC_S1S2_1;TRFC_S3M4_1,Down,SSP_ITW_170A_U,COE_ITW_170A_170D_D,false,None
46,COD_ITW_170B_D,TR_S_1531_EOT_ITW,1890997,0,1894197,0,TRFC_S1S2_1;TRFC_S1S2_2;TRFC_S3M4_1;TRFC_S3M4_2,Down,SSP_ITW_170B_U,COE_ITW_170A_170D_D,false,None
47,COD_ITW_170C_D,TR_S_1531_EOT_ITW,1894197,0,1897402,0,TRFC_S1S2_1;TRFC_S1S2_2;TRFC_S1S2_3;TRFC_S3M4_1;TRFC_S3M4_2;TRFC_S3M4_3,Down,SSP_ITW_170C_U,COE_ITW_170A_170D_D,false,None
48,COD_ITW_170D_D,TR_S_1531_EOT_ITW,1897402,0,1900858,0,TRFC_M5M6;TRFC_S1S2_1;TRFC_S1S2_2;TRFC_S1S2_3;TRFC_S1S2_4;TRFC_S3M4_1;TRFC_S3M4_2;TRFC_S3M4_3;TRFC_S3M4_4,Down,SSP_ITW_170D_U,COE_ITW_170A_170D_D,false,Down
49,COD_ITW_181A_D,TR_S_ITW2_ITW,1890222,0,1893752,0,TRFC_S1S2_1;TRFC_S3M4_1,Down,SSP_ITW_181A_U,COE_ITW_181A_181D_D,false,None
50,COD_ITW_181B_D,TR_S_ITW2_ITW,1893752,0,1896952,0,TRFC_S1S2_1;TRFC_S1S2_2;TRFC_S3M4_1;TRFC_S3M4_2,Down,SSP_ITW_181B_U,COE_ITW_181A_181D_D,false,None
51,COD_ITW_181C_D,TR_S_ITW2_ITW,1896952,0,1900152,0,TRFC_S1S2_1;TRFC_S1S2_2;TRFC_S1S2_3;TRFC_S3M4_1;TRFC_S3M4_2;TRFC_S3M4_3,Down,SSP_ITW_181C_U,COE_ITW_181A_181D_D,false,None
52,COD_ITW_181D_D,TR_S_ITW2_ITW,1900152,0,1903563,0,TRFC_M5M6;TRFC_S1S2_1;TRFC_S1S2_2;TRFC_S1S2_3;TRFC_S1S2_4;TRFC_S3M4_1;TRFC_S3M4_2;TRFC_S3M4_3;TRFC_S3M4_4,Down,SSP_ITW_181D_U,COE_ITW_181A_181D_D,false,Down
53,COD_ITW_190A_D,TR_S_1509_EOT_ITW,1890221,0,1893780,0,TRFC_S1S2_1;TRFC_S3M4_1,Down,SSP_ITW_190A_U,COE_ITW_190A_190D_D,false,None
54,COD_ITW_190B_D,TR_S_1509_EOT_ITW,1893780,0,1897025,0,TRFC_S1S2_1;TRFC_S1S2_2;TRFC_S3M4_1;TRFC_S3M4_2,Down,SSP_ITW_190B_U,COE_ITW_190A_190D_D,false,None
55,COD_ITW_190C_D,TR_S_1509_EOT_ITW,1897025,0,1900225,0,TRFC_S1S2_1;TRFC_S1S2_2;TRFC_S1S2_3;TRFC_S3M4_1;TRFC_S3M4_2;TRFC_S3M4_3,Down,SSP_ITW_190C_U,COE_ITW_190A_190D_D,false,None
56,COD_ITW_190D_D,TR_S_1509_EOT_ITW,1900225,0,1903575,0,TRFC_M5M6;TRFC_S1S2_1;TRFC_S1S2_2;TRFC_S1S2_3;TRFC_S1S2_4;TRFC_S3M4_1;TRFC_S3M4_2;TRFC_S3M4_3;TRFC_S3M4_4,Down,SSP_ITW_190D_U,COE_ITW_190A_190D_D,false,Down
57,COD_ITW_120A_U,TR_S_ITW2_ITW,1862392,0,1865742,0,TRFC_M5M6;TRFC_S1S2_1;TRFC_S1S2_2;TRFC_S1S2_3;TRFC_S1S2_4;TRFC_S3M4_1;TRFC_S3M4_2;TRFC_S3M4_3;TRFC_S3M4_4,Up,SSP_ITW_120A_D,COE_ITW_120A_120D_U,false,Up
58,COD_ITW_120B_U,TR_S_ITW2_ITW,1865742,0,1868942,0,TRFC_S1S2_1;TRFC_S1S2_2;TRFC_S1S2_3;TRFC_S3M4_1;TRFC_S3M4_2;TRFC_S3M4_3,Up,SSP_ITW_120B_D,COE_ITW_120A_120D_U,false,None
59,COD_ITW_120C_U,TR_S_ITW2_ITW,1868942,0,1872142,0,TRFC_S1S2_1;TRFC_S1S2_2;TRFC_S3M4_1;TRFC_S3M4_2,Up,SSP_ITW_120C_D,COE_ITW_120A_120D_U,false,None
60,COD_ITW_120D_U,TR_S_ITW2_ITW,1872142,0,1875684,0,TRFC_S1S2_1;TRFC_S3M4_1,Up,SSP_ITW_120D_D,COE_ITW_120A_120D_U,false,None
61,COD_ITW_130A_U,TR_S_ITW3_ITW,1858746,0,1863107,0,TRFC_M5M6;TRFC_S1S2_1;TRFC_S1S2_2;TRFC_S1S2_3;TRFC_S1S2_4;TRFC_S3M4_1;TRFC_S3M4_2;TRFC_S3M4_3;TRFC_S3M4_4,Up,SSP_ITW_130A_D,COE_ITW_130A_130D_U,false,Up
62,COD_ITW_130B_U,TR_S_ITW3_ITW,1863107,0,1866318,0,TRFC_S1S2_1;TRFC_S1S2_2;TRFC_S1S2_3;TRFC_S3M4_1;TRFC_S3M4_2;TRFC_S3M4_3,Up,SSP_ITW_130B_D,COE_ITW_130A_130D_U,false,None
63,COD_ITW_130C_U,TR_S_ITW3_ITW,1866318,0,1869537,0,TRFC_S1S2_1;TRFC_S1S2_2;TRFC_S3M4_1;TRFC_S3M4_2,Up,SSP_ITW_130C_D,COE_ITW_130A_130D_U,false,None
64,COD_ITW_130D_U,TR_S_ITW3_ITW,1869537,0,1873033,0,TRFC_S1S2_1;TRFC_S3M4_1,Up,SSP_ITW_130D_D,COE_ITW_130A_130D_U,false,None
65,COD_ITW_140A_U,TR_S_EOT_1521_ITW,1857442,0,1861788,0,TRFC_M5M6;TRFC_S1S2_1;TRFC_S1S2_2;TRFC_S1S2_3;TRFC_S1S2_4;TRFC_S3M4_1;TRFC_S3M4_2;TRFC_S3M4_3;TRFC_S3M4_4,Up,SSP_ITW_140A_D,COE_ITW_140A_140D_U,false,Up
66,COD_ITW_140B_U,TR_S_EOT_1521_ITW,1861788,0,1864999,0,TRFC_S1S2_1;TRFC_S1S2_2;TRFC_S1S2_3;TRFC_S3M4_1;TRFC_S3M4_2;TRFC_S3M4_3,Up,SSP_ITW_140B_D,COE_ITW_140A_140D_U,false,None
67,COD_ITW_140C_U,TR_S_EOT_1521_ITW,1864999,0,1868218,0,TRFC_S1S2_1;TRFC_S1S2_2;TRFC_S3M4_1;TRFC_S3M4_2,Up,SSP_ITW_140C_D,COE_ITW_140A_140D_U,false,None
68,COD_ITW_140D_U,TR_S_EOT_1521_ITW,1868218,0,1871634,0,TRFC_S1S2_1;TRFC_S3M4_1,Up,SSP_ITW_140D_D,COE_ITW_140A_140D_U,false,None
69,COD_ITW_100A_U,TR_S_ITW1_ITW,1851648,0,1855146,0,TRFC_M5M6;TRFC_S1S2_1;TRFC_S1S2_2;TRFC_S1S2_3;TRFC_S1S2_4;TRFC_S3M4_1;TRFC_S3M4_2;TRFC_S3M4_3;TRFC_S3M4_4,Up,SSP_ITW_100A_D,COE_ITW_100A_100D_U,false,Up
70,COD_ITW_100B_U,TR_S_ITW1_ITW,1855146,0,1858358,0,TRFC_S1S2_1;TRFC_S1S2_2;TRFC_S1S2_3;TRFC_S3M4_1;TRFC_S3M4_2;TRFC_S3M4_3,Up,SSP_ITW_100B_D,COE_ITW_100A_100D_U,false,None
71,COD_ITW_100C_U,TR_S_ITW1_ITW,1858358,0,1861563,0,TRFC_S1S2_1;TRFC_S1S2_2;TRFC_S3M4_1;TRFC_S3M4_2,Up,SSP_ITW_100C_D,COE_ITW_100A_100D_U,false,None
72,COD_ITW_100D_U,TR_S_ITW1_ITW,1861563,0,1865059,0,TRFC_S1S2_1;TRFC_S3M4_1,Up,SSP_ITW_100D_D,COE_ITW_100A_100D_U,false,None
73,COD_ITW_132_D,TR_S_ITW3_ITW,1879506,0,1896799,0,TRFC_M5M6;TRFC_S1S2_1;TRFC_S1S2_2;TRFC_S1S2_3;TRFC_S1S2_4;TRFC_S3M4_1;TRFC_S3M4_2;TRFC_S3M4_3;TRFC_S3M4_4,Down,SSP_ITW_132_U,COE_ITW_132_D,false,None
1001,COD_ND_1_U,TR_7A_ND_ZD,619136,994,632586,19,TRFC_M5M6,Up,SSP_ND_1_D_M5M6_4,COE_ND_1_3_U_M5,false,Up
1002,COD_ND_3_U,TR_7A_ND_ZD,632586,19,644836,30,TRFC_M5M6,Up,SSP_ND_3_D_M5M6_4,COE_ND_1_3_U_M5,false,None
1003,COD_ND_100_U,TR_S_EOT_3207_ND,611840,602,625630,-686,TRFC_M5M6,Up,SSP_ND_100_D_M5M6_4,COE_ND_100_101_U_M5,false,Up
1004,COD_ND_101_U,TR_S_EOT_3207_ND,625630,-686,638880,-671,TRFC_M5M6,Up,SSP_ND_101_D_M5M6_4,COE_ND_100_101_U_M5,false,None
1005,COD_ND_110_U,TR_S_EOT_3213_ND,608956,3410,625706,-713,TRFC_M5M6,Up,SSP_ND_110_D_M5M6_4,COE_ND_110_111_U_M5,false,Up
1006,COD_ND_111_U,TR_S_EOT_3213_ND,625706,-713,638956,-825,TRFC_M5M6,Up,SSP_ND_111_D_M5M6_4,COE_ND_110_111_U_M5,false,None
1007,COD_ND_120_U,TR_S_EOT_3211_ND,610523,1839,624173,969,TRFC_M5M6,Up,SSP_ND_120_D_M5M6_4,COE_ND_120_121_U_M5,false,Up
1008,COD_ND_121_U,TR_S_EOT_3211_ND,624173,969,636423,1064,TRFC_M5M6,Up,SSP_ND_121_D_M5M6_4,COE_ND_120_121_U_M5,false,None
1009,COD_ND_130_U,TR_S_EOT_3205_ND,624736,517,638036,-715,TRFC_M5M6,Up,SSP_ND_130_D_M5M6_4,COE_ND_130_U_M5,false,None
1010,COD_ND_2_U,TR_8_ND_ZD,624087,1217,646187,27,TRFC_M5M6,Up,SSP_ND_2_D_M5M6_4,COE_ND_2_U_M5,false,None
1011,COD_ND_8_RD_6_B,TR_8_ND_ZD,659400,0,672439,-16,TRFC_M5M6,Both,SSP_ND_6_D_M5M6_4;SSP_ND_6_U_M5M6_4,COE_ND_8_RD_6_U_M5;COE_ND_8_RD_6_D_M5,false,None
1012,COD_ND_7A_LU_7_B,TR_7A_ND_ZD,659400,0,672431,7,TRFC_M5M6,Both,SSP_ND_7_D_M5M6_4;SSP_ND_7_U_M5M6_4,COE_ND_7A_LU_7_U_M5;COE_ND_7A_LU_7_D_M5,false,None
1013,COD_NDP_7A_LU_1_B,TR_7A_ND_ZD,834862,14,846866,11,TRFC_M5M6,Both,SSP_NDP_1_D_M5M6_4;SSP_NDP_1_U_M5M6_4,COE_NDP_7A_LU_1_U_M5;COE_NDP_7A_LU_1_D_M5,false,None
1014,COD_NDP_8_RD_2_B,TR_8_ND_ZD,834724,-46,847069,-45,TRFC_M5M6,Both,SSP_NDP_2_D_M5M6_4;SSP_NDP_2_U_M5M6_4,COE_NDP_8_RD_2_U_M5;COE_NDP_8_RD_2_D_M5,false,None
1015,COD_CSN_8_LD_14_B,TR_8_ND_ZD,998639,157,1013101,217,TRFC_M5M6,Both,SSP_CSN_14_D_M5M6_4;SSP_CSN_14_U_M5M6_4,COE_CSN_8_LD_14_U_M5;COE_CSN_8_LD_14_D_M5,false,None
1016,COD_CSN_7A_RU_15_B,TR_7A_ND_ZD,998587,119,1013078,143,TRFC_M5M6,Both,SSP_CSN_15_D_M5M6_4;SSP_CSN_15_U_M5M6_4,COE_CSN_7A_RU_15_U_M5;COE_CSN_7A_RU_15_D_M5,false,None
1017,COD_RKN_7A_LU_1_B,TR_7A_ND_ZD,1110516,37,1122777,674,TRFC_M5M6,Both,SSP_RKN_1_D_M5M6_4;SSP_RKN_1_U_M5M6_4,COE_RKN_7A_LU_1_U_M5;COE_RKN_7A_LU_1_D_M5,false,None
1018,COD_RKN_8_RD_2_B,TR_8_ND_ZD,1110074,-21,1122336,684,TRFC_M5M6,Both,SSP_RKN_2_D_M5M6_4;SSP_RKN_2_U_M5M6_4,COE_RKN_8_RD_2_U_M5;COE_RKN_8_RD_2_D_M5,false,None
1019,COD_VZG_7A_LU_5_B,TR_7A_ND_ZD,1223800,71,1236200,555,TRFC_M5M6,Both,SSP_VZG_5_D_M5M6_4;SSP_VZG_5_U_M5M6_4,COE_VZG_7A_LU_5_U_M5;COE_VZG_7A_LU_5_D_M5,false,None
1020,COD_VZG_8_RD_6_B,TR_8_ND_ZD,1223800,-399,1236200,-67,TRFC_M5M6,Both,SSP_VZG_6_D_M5M6_4;SSP_VZG_6_U_M5M6_4,COE_VZG_8_RD_6_U_M5;COE_VZG_8_RD_6_D_M5,false,None
1021,COD_DPP_7A_LU_9_B,TR_7A_ND_ZD,1300400,114,1313400,79,TRFC_M5M6,Both,SSP_DPP_9_D_M5M6_4;SSP_DPP_9_U_M5M6_4,COE_DPP_7A_LU_9_U_M5;COE_DPP_7A_LU_9_D_M5,false,None
1022,COD_DPP_8_LD_10_B,TR_8_ND_ZD,1300400,-1125,1313400,-190,TRFC_M5M6,Both,SSP_DPP_10_D_M5M6_4;SSP_DPP_10_U_M5M6_4,COE_DPP_8_LD_10_U_M5;COE_DPP_8_LD_10_D_M5,false,None
1023,COD_EPP_8_LD_34_B,TR_8_ND_ZD,1436900,97,1451200,-510,TRFC_M5M6,Both,SSP_EPP_34_D_M5M6_4;SSP_EPP_34_U_M5M6_4,COE_EPP_8_LD_34_U_M5;COE_EPP_8_LD_34_D_M5,false,None
1024,COD_EPP_7A_RU_45_B,TR_7A_ND_ZD,1436900,1428,1451200,820,TRFC_M5M6,Both,SSP_EPP_45_D_M5M6_4;SSP_EPP_45_U_M5M6_4,COE_EPP_7A_RU_45_U_M5;COE_EPP_7A_RU_45_D_M5,false,None
1025,COD_ZD_7A_RU_55_D,TR_7A_ND_ZD,1583800,650,1596100,647,TRFC_M5M6,Down,SSP_ZD_55_D_M5M6_4;SSP_ZD_55_U_M5M6_4,COE_ZD_7A_RU_55_D_M5,false,None
1026,COD_CSN_100A_U,TR_S_EOT_3277_CSN,918512,417,934336,-811,TRFC_M5M6,Up,SSP_CSN_100A_D_M5M6_4,COE_CSN_100A_U_M5,false,None
2001,COD_CS_2A_RD_2_U,TR_2A_CS_GN,11494,0,24616,0,TRFC_M5M6;TRFC_S1S2_1;TRFC_S1S2_2;TRFC_S1S2_3;TRFC_S1S2_4;TRFC_S3M4_1;TRFC_S3M4_2;TRFC_S3M4_3;TRFC_S3M4_4,Up,SSP_CS_2_U_12;SSP_CS_2_U_3;SSP_CS_2_U_4;SSP_CS_2_D_1;SSP_CS_2_D_234,COE_CS_2A_RD_2_U,false,None
2002,COD_CS_1A_LU_1_U,TR_1A_CS_GN,11368,0,24263,0,TRFC_M5M6;TRFC_S1S2_1;TRFC_S1S2_2;TRFC_S1S2_3;TRFC_S1S2_4;TRFC_S3M4_1;TRFC_S3M4_2;TRFC_S3M4_3;TRFC_S3M4_4,Up,SSP_CS_1_D_1;SSP_CS_1_D_234;SSP_CS_1_U_12;SSP_CS_1_U_3;SSP_CS_1_U_4,COE_CS_1A_LU_1_U,false,None
2003,COD_NMT_2A_RD_2_B,TR_2A_CS_GN,85965,0,101412,0,TRFC_M5M6;TRFC_S1S2_1;TRFC_S1S2_2;TRFC_S1S2_3;TRFC_S1S2_4;TRFC_S3M4_1;TRFC_S3M4_2;TRFC_S3M4_3;TRFC_S3M4_4,Both,SSP_NMT_2_U_1;SSP_NMT_2_U_2;SSP_NMT_2_U_3;SSP_NMT_2_U_4;SSP_NMT_2_D_1;SSP_NMT_2_D_2;SSP_NMT_2_D_3;SSP_NMT_2_D_4,COE_NMT_2A_RD_2_U;COE_NMT_2A_RD_2_D,false,None
2004,COD_NMT_1A_LU_1_B,TR_1A_CS_GN,85340,0,101089,0,TRFC_M5M6;TRFC_S1S2_1;TRFC_S1S2_2;TRFC_S1S2_3;TRFC_S1S2_4;TRFC_S3M4_1;TRFC_S3M4_2;TRFC_S3M4_3;TRFC_S3M4_4,Both,SSP_NMT_1_U_1;SSP_NMT_1_U_2;SSP_NMT_1_U_3;SSP_NMT_1_U_4;SSP_NMT_1_D_1;SSP_NMT_1_D_2;SSP_NMT_1_D_3;SSP_NMT_1_D_4,COE_NMT_1A_LU_1_U;COE_NMT_1A_LU_1_D,false,None
2005,COD_WLP_2A_RD_6_B,TR_2A_CS_GN,142410,0,157878,0,TRFC_M5M6;TRFC_S1S2_1;TRFC_S1S2_2;TRFC_S1S2_3;TRFC_S1S2_4;TRFC_S3M4_1;TRFC_S3M4_2;TRFC_S3M4_3;TRFC_S3M4_4,Both,SSP_WLP_6_U_1;SSP_WLP_6_U_2;SSP_WLP_6_U_3;SSP_WLP_6_U_4;SSP_WLP_6_D_1;SSP_WLP_6_D_2;SSP_WLP_6_D_3;SSP_WLP_6_D_4,COE_WLP_2A_RD_6_U;COE_WLP_2A_RD_6_D,false,None
2006,COD_WLP_1A_LU_5_B,TR_1A_CS_GN,142732,0,158217,0,TRFC_M5M6;TRFC_S1S2_1;TRFC_S1S2_2;TRFC_S1S2_3;TRFC_S1S2_4;TRFC_S3M4_1;TRFC_S3M4_2;TRFC_S3M4_3;TRFC_S3M4_4,Both,SSP_WLP_5_U_1;SSP_WLP_5_U_2;SSP_WLP_5_U_3;SSP_WLP_5_U_4;SSP_WLP_5_D_1;SSP_WLP_5_D_2;SSP_WLP_5_D_3;SSP_WLP_5_D_4,COE_WLP_1A_LU_5_U;COE_WLP_1A_LU_5_D,false,None
2007,COD_WPP_2A_LD_10_B,TR_2A_CS_GN,212211,0,225531,0,TRFC_M5M6;TRFC_S1S2_1;TRFC_S1S2_2;TRFC_S1S2_3;TRFC_S1S2_4;TRFC_S3M4_1;TRFC_S3M4_2;TRFC_S3M4_3;TRFC_S3M4_4,Both,SSP_WPP_10_U_1;SSP_WPP_10_U_2;SSP_WPP_10_U_3;SSP_WPP_10_U_4;SSP_WPP_10_D_1;SSP_WPP_10_D_2;SSP_WPP_10_D_3;SSP_WPP_10_D_4,COE_WPP_2A_LD_10_U;COE_WPP_2A_LD_10_D,false,None
2008,COD_WPP_1A_RU_11_B,TR_1A_CS_GN,212268,0,225530,0,TRFC_M5M6;TRFC_S1S2_1;TRFC_S1S2_2;TRFC_S1S2_3;TRFC_S1S2_4;TRFC_S3M4_1;TRFC_S3M4_2;TRFC_S3M4_3;TRFC_S3M4_4,Both,SSP_WPP_11_U_1;SSP_WPP_11_U_2;SSP_WPP_11_U_3;SSP_WPP_11_U_4;SSP_WPP_11_D_1;SSP_WPP_11_D_2;SSP_WPP_11_D_3;SSP_WPP_11_D_4,COE_WPP_1A_RU_11_U;COE_WPP_1A_RU_11_D,false,None
2009,COD_WBS_2A_RD_16_B,TR_2A_CS_GN,295769,0,311194,0,TRFC_M5M6;TRFC_S1S2_1;TRFC_S1S2_2;TRFC_S1S2_3;TRFC_S1S2_4;TRFC_S3M4_1;TRFC_S3M4_2;TRFC_S3M4_3;TRFC_S3M4_4,Both,SSP_WBS_16_U_1;SSP_WBS_16_U_2;SSP_WBS_16_U_3;SSP_WBS_16_U_4;SSP_WBS_16_D_1;SSP_WBS_16_D_2;SSP_WBS_16_D_3;SSP_WBS_16_D_4,COE_WBS_2A_RD_16_U;COE_WBS_2A_RD_16_D,false,None
2010,COD_WBS_1A_LU_17_B,TR_1A_CS_GN,295775,0,311254,0,TRFC_M5M6;TRFC_S1S2_1;TRFC_S1S2_2;TRFC_S1S2_3;TRFC_S1S2_4;TRFC_S3M4_1;TRFC_S3M4_2;TRFC_S3M4_3;TRFC_S3M4_4,Both,SSP_WBS_17_U_1;SSP_WBS_17_U_2;SSP_WBS_17_U_3;SSP_WBS_17_U_4;SSP_WBS_17_D_1;SSP_WBS_17_D_2;SSP_WBS_17_D_3;SSP_WBS_17_D_4,COE_WBS_1A_LU_17_U;COE_WBS_1A_LU_17_D,false,None
2011,COD_ASA_2A_LD_4_8_B,TR_2A_CS_GN,391461,0,404551,0,TRFC_M5M6;TRFC_S1S2_1;TRFC_S1S2_2;TRFC_S1S2_3;TRFC_S1S2_4;TRFC_S3M4_1;TRFC_S3M4_2;TRFC_S3M4_3;TRFC_S3M4_4,Both,SSP_ASA_6_U_1;SSP_ASA_6_U_2;SSP_ASA_8_U_3;SSP_ASA_8_U_4;SSP_ASA_6_D_1;SSP_ASA_6_D_2;SSP_ASA_4_D_3;SSP_ASA_4_D_4,COE_ASA_2A_LD_4_8_U;COE_ASA_2A_LD_4_8_D,false,None
2012,COD_ASA_1A_RU_3_B,TR_1A_CS_GN,389972,0,405963,0,TRFC_M5M6;TRFC_S1S2_1;TRFC_S1S2_2;TRFC_S1S2_3;TRFC_S1S2_4;TRFC_S3M4_1;TRFC_S3M4_2;TRFC_S3M4_3;TRFC_S3M4_4,Both,SSP_ASA_3_U_1;SSP_ASA_3_U_2;SSP_ASA_3_U_3;SSP_ASA_3_U_4;SSP_ASA_3_D_1;SSP_ASA_3_D_2;SSP_ASA_3_D_3;SSP_ASA_3_D_4,COE_ASA_1A_RU_3_U;COE_ASA_1A_RU_3_D,false,None
2013,COD_SLW_4A_LD_24_B,TR_4A_SLW_ZD,463334,0,471867,0,TRFC_S1S2_1;TRFC_S1S2_2;TRFC_S3M4_1;TRFC_S3M4_2,Both,SSP_SLW_24_U;SSP_SLW_24_D_1;SSP_SLW_24_D_2,COE_SLW_4A_LD_24_U;COE_SLW_4A_LD_24_D,false,None
2014,COD_SLW_3A_RU_15_B,TR_3A_SLW_ZD,463435,0,471982,0,TRFC_S1S2_1;TRFC_S1S2_2;TRFC_S3M4_1;TRFC_S3M4_2,Both,SSP_SLW_15_U;SSP_SLW_15_D_1;SSP_SLW_15_D_2,COE_SLW_3A_RU_15_U;COE_SLW_3A_RU_15_D,false,None
2015,COD_SLW_2A_RD_12_B,TR_2A_CS_GN,456338,0,471784,0,TRFC_M5M6;TRFC_S1S2_1;TRFC_S1S2_2;TRFC_S1S2_3;TRFC_S1S2_4;TRFC_S3M4_1;TRFC_S3M4_2;TRFC_S3M4_3;TRFC_S3M4_4,Both,SSP_SLW_12_D_1;SSP_SLW_12_D_2;SSP_SLW_12_D_3;SSP_SLW_12_D_4;SSP_SLW_12_U,COE_SLW_2A_RD_12_U;COE_SLW_2A_RD_12_D,false,None
2016,COD_SLW_1A_LU_7_B,TR_1A_CS_GN,456516,0,472012,0,TRFC_M5M6;TRFC_S1S2_1;TRFC_S1S2_2;TRFC_S1S2_3;TRFC_S1S2_4;TRFC_S3M4_1;TRFC_S3M4_2;TRFC_S3M4_3;TRFC_S3M4_4,Both,SSP_SLW_7_D_1;SSP_SLW_7_D_2;SSP_SLW_7_D_3;SSP_SLW_7_D_4;SSP_SLW_7_U,COE_SLW_1A_LU_7_U;COE_SLW_1A_LU_7_D,false,None
2017,COD_MDW_2A_RD_8_B,TR_2A_CS_GN,592026,0,606941,0,TRFC_M5M6;TRFC_S1S2_1;TRFC_S1S2_2;TRFC_S1S2_3;TRFC_S1S2_4;TRFC_S3M4_1;TRFC_S3M4_2;TRFC_S3M4_3;TRFC_S3M4_4,Both,SSP_MDW_8_U;SSP_MDW_8_D_1;SSP_MDW_8_D_2;SSP_MDW_8_D_3;SSP_MDW_8_D_4,COE_MDW_2A_RD_8_U;COE_MDW_2A_RD_8_D,false,None
2018,COD_MDW_6C_LD_16_B,TR_6C_MDW_MDW,593179,0,606998,0,TRFC_M5M6;TRFC_S1S2_1;TRFC_S1S2_2;TRFC_S1S2_3;TRFC_S1S2_4;TRFC_S3M4_1;TRFC_S3M4_2;TRFC_S3M4_3;TRFC_S3M4_4,Both,SSP_MDW_16D_D_1;SSP_MDW_16C_D_2;SSP_MDW_16B_D_3;SSP_MDW_16A_D_4;SSP_MDW_16D_U,COE_MDW_6C_LD_16_U;COE_MDW_6C_LD_16_D,false,None
2019,COD_MDW_5C_RU_15_B,TR_5C_MDW_MDW,594097,0,607916,0,TRFC_M5M6;TRFC_S1S2_1;TRFC_S1S2_2;TRFC_S1S2_3;TRFC_S1S2_4;TRFC_S3M4_1;TRFC_S3M4_2;TRFC_S3M4_3;TRFC_S3M4_4,Both,SSP_MDW_15D_D_1;SSP_MDW_15C_D_2;SSP_MDW_15B_D_3;SSP_MDW_15A_D_4;SSP_MDW_15D_U,COE_MDW_5C_RU_15_U;COE_MDW_5C_RU_15_D,false,None
2020,COD_MDW_1A_LU_7_B,TR_1A_CS_GN,592952,0,607817,0,TRFC_M5M6;TRFC_S1S2_1;TRFC_S1S2_2;TRFC_S1S2_3;TRFC_S1S2_4;TRFC_S3M4_1;TRFC_S3M4_2;TRFC_S3M4_3;TRFC_S3M4_4,Both,SSP_MDW_7_D_1;SSP_MDW_7_D_2;SSP_MDW_7_D_3;SSP_MDW_7_D_4;SSP_MDW_7_U,COE_MDW_1A_LU_7_U;COE_MDW_1A_LU_7_D,false,None
2021,COD_DVD_2A_LD_2_B,TR_2A_CS_GN,679059,0,694540,0,TRFC_M5M6;TRFC_S1S2_1;TRFC_S1S2_2;TRFC_S1S2_3;TRFC_S1S2_4;TRFC_S3M4_1;TRFC_S3M4_2;TRFC_S3M4_3;TRFC_S3M4_4,Both,SSP_DVD_2_U_1;SSP_DVD_2_U_2;SSP_DVD_2_U_3;SSP_DVD_2_U_4;SSP_DVD_2_D_1;SSP_DVD_2_D_2;SSP_DVD_2_D_3;SSP_DVD_2_D_4,COE_DVD_2A_LD_2_U;COE_DVD_2A_LD_2_D,false,None
2022,COD_DVD_1A_RU_1_B,TR_1A_CS_GN,680201,0,695680,0,TRFC_M5M6;TRFC_S1S2_1;TRFC_S1S2_2;TRFC_S1S2_3;TRFC_S1S2_4;TRFC_S3M4_1;TRFC_S3M4_2;TRFC_S3M4_3;TRFC_S3M4_4,Both,SSP_DVD_1_U_1;SSP_DVD_1_U_2;SSP_DVD_1_U_3;SSP_DVD_1_U_4;SSP_DVD_1_D_1;SSP_DVD_1_D_2;SSP_DVD_1_D_3;SSP_DVD_1_D_4,COE_DVD_1A_RU_1_U;COE_DVD_1A_RU_1_D,false,None
2023,COD_SVT_2A_RD_6_B,TR_2A_CS_GN,742929,0,758378,0,TRFC_M5M6;TRFC_S1S2_1;TRFC_S1S2_2;TRFC_S1S2_3;TRFC_S1S2_4;TRFC_S3M4_1;TRFC_S3M4_2;TRFC_S3M4_3;TRFC_S3M4_4,Both,SSP_SVT_6_U_1;SSP_SVT_6_U_2;SSP_SVT_6_U_3;SSP_SVT_6_U_4;SSP_SVT_6_D_1;SSP_SVT_6_D_2;SSP_SVT_6_D_3;SSP_SVT_6_D_4,COE_SVT_2A_RD_6_U;COE_SVT_2A_RD_6_D,false,None
2024,COD_SVT_1A_LU_5_B,TR_1A_CS_GN,743975,0,759463,0,TRFC_M5M6;TRFC_S1S2_1;TRFC_S1S2_2;TRFC_S1S2_3;TRFC_S1S2_4;TRFC_S3M4_1;TRFC_S3M4_2;TRFC_S3M4_3;TRFC_S3M4_4,Both,SSP_SVT_5_U_1;SSP_SVT_5_U_2;SSP_SVT_5_U_3;SSP_SVT_5_U_4;SSP_SVT_5_D_1;SSP_SVT_5_D_2;SSP_SVT_5_D_3;SSP_SVT_5_D_4,COE_SVT_1A_LU_5_U;COE_SVT_1A_LU_5_D,false,None
2025,COD_BMR_2A_RD_2_B,TR_2A_CS_GN,833839,0,849316,0,TRFC_M5M6;TRFC_S1S2_1;TRFC_S1S2_2;TRFC_S1S2_3;TRFC_S1S2_4;TRFC_S3M4_1;TRFC_S3M4_2;TRFC_S3M4_3;TRFC_S3M4_4,Both,SSP_BMR_2_D;SSP_BMR_2_U_1;SSP_BMR_2_U_2;SSP_BMR_2_U_3;SSP_BMR_2_U_4,COE_BMR_2A_RD_2_U;COE_BMR_2A_RD_2_D,false,None
2026,COD_BMR_1A_LU_1_B,TR_1A_CS_GN,834620,0,850355,0,TRFC_M5M6;TRFC_S1S2_1;TRFC_S1S2_2;TRFC_S1S2_3;TRFC_S1S2_4;TRFC_S3M4_1;TRFC_S3M4_2;TRFC_S3M4_3;TRFC_S3M4_4,Both,SSP_BMR_1_D;SSP_BMR_1_U_1;SSP_BMR_1_U_2;SSP_BMR_1_U_3;SSP_BMR_1_U_4,COE_BMR_1A_LU_1_U;COE_BMR_1A_LU_1_D,false,None
2027,COD_BLW_2A_RD_6_B,TR_2A_CS_GN,891586,0,907079,0,TRFC_M5M6;TRFC_S1S2_1;TRFC_S1S2_2;TRFC_S1S2_3;TRFC_S1S2_4;TRFC_S3M4_1;TRFC_S3M4_2;TRFC_S3M4_3;TRFC_S3M4_4,Both,SSP_BLW_6_U_1;SSP_BLW_6_U_2;SSP_BLW_6_U_3;SSP_BLW_6_U_4;SSP_BLW_6_D_1;SSP_BLW_6_D_2;SSP_BLW_6_D_3;SSP_BLW_6_D_4,COE_BLW_2A_RD_6_U;COE_BLW_2A_RD_6_D,false,None
2028,COD_BLW_1A_LU_5_B,TR_1A_CS_GN,892712,0,908168,0,TRFC_M5M6;TRFC_S1S2_1;TRFC_S1S2_2;TRFC_S1S2_3;TRFC_S1S2_4;TRFC_S3M4_1;TRFC_S3M4_2;TRFC_S3M4_3;TRFC_S3M4_4,Both,SSP_BLW_5_U_1;SSP_BLW_5_U_2;SSP_BLW_5_U_3;SSP_BLW_5_U_4;SSP_BLW_5_D_1;SSP_BLW_5_D_2;SSP_BLW_5_D_3;SSP_BLW_5_D_4,COE_BLW_1A_LU_5_U;COE_BLW_1A_LU_5_D,false,None
2029,COD_HLD_2A_RD_2_B,TR_2A_CS_GN,1000516,0,1016004,0,TRFC_M5M6;TRFC_S1S2_1;TRFC_S1S2_2;TRFC_S1S2_3;TRFC_S1S2_4;TRFC_S3M4_1;TRFC_S3M4_2;TRFC_S3M4_3;TRFC_S3M4_4,Both,SSP_HLD_2_U_1;SSP_HLD_2_U_2;SSP_HLD_2_U_3;SSP_HLD_2_U_4;SSP_HLD_2_D_1;SSP_HLD_2_D_2;SSP_HLD_2_D_3;SSP_HLD_2_D_4,COE_HLD_2A_RD_2_U;COE_HLD_2A_RD_2_D,false,None
2030,COD_HLD_1A_LU_1_B,TR_1A_CS_GN,1001609,0,1017096,0,TRFC_M5M6;TRFC_S1S2_1;TRFC_S1S2_2;TRFC_S1S2_3;TRFC_S1S2_4;TRFC_S3M4_1;TRFC_S3M4_2;TRFC_S3M4_3;TRFC_S3M4_4,Both,SSP_HLD_1_U_1;SSP_HLD_1_U_2;SSP_HLD_1_U_3;SSP_HLD_1_U_4;SSP_HLD_1_D_1;SSP_HLD_1_D_2;SSP_HLD_1_D_3;SSP_HLD_1_D_4,COE_HLD_1A_LU_1_U;COE_HLD_1A_LU_1_D,false,None
2031,COD_RGB_2A_RD_6_10_B,TR_2A_CS_GN,1122135,0,1137627,0,TRFC_M5M6;TRFC_S1S2_1;TRFC_S1S2_2;TRFC_S1S2_3;TRFC_S1S2_4;TRFC_S3M4_1;TRFC_S3M4_2;TRFC_S3M4_3;TRFC_S3M4_4,Both,SSP_RGB_8_U_1;SSP_RGB_8_U_2;SSP_RGB_10_U_3;SSP_RGB_10_U_4;SSP_RGB_8_D_1;SSP_RGB_8_D_2;SSP_RGB_6_D_3;SSP_RGB_6_D_4,COE_RGB_2A_RD_6_12_U;COE_RGB_2A_RD_6_12_D,false,None
2032,COD_RGB_1A_LU_5_B,TR_1A_CS_GN,1123731,0,1139222,0,TRFC_M5M6;TRFC_S1S2_1;TRFC_S1S2_2;TRFC_S1S2_3;TRFC_S1S2_4;TRFC_S3M4_1;TRFC_S3M4_2;TRFC_S3M4_3;TRFC_S3M4_4,Both,SSP_RGB_5_U_1;SSP_RGB_5_U_2;SSP_RGB_5_U_3;SSP_RGB_5_U_4;SSP_RGB_5_D_1;SSP_RGB_5_D_2;SSP_RGB_5_D_3;SSP_RGB_5_D_4,COE_RGB_1A_LU_5_U;COE_RGB_1A_LU_5_D,false,None
2033,COD_GN_2A_RD_16_B,TR_2A_CS_GN,1225345,0,1238532,0,TRFC_M5M6;TRFC_S1S2_1;TRFC_S1S2_2;TRFC_S1S2_3;TRFC_S1S2_4;TRFC_S3M4_1;TRFC_S3M4_2;TRFC_S3M4_3;TRFC_S3M4_4,Both,SSP_GN_16_U_1;SSP_GN_16_U_2;SSP_GN_16_U_3;SSP_GN_16_U_4;SSP_GN_16_D_1;SSP_GN_16_D_2;SSP_GN_16_D_3;SSP_GN_16_D_4,COE_GN_2A_RD_16_U;COE_GN_2A_RD_16_D,false,None
2034,COD_GN_1A_LU_9_B,TR_1A_CS_GN,1226815,0,1239976,0,TRFC_M5M6;TRFC_S1S2_1;TRFC_S1S2_2;TRFC_S1S2_3;TRFC_S1S2_4;TRFC_S3M4_1;TRFC_S3M4_2;TRFC_S3M4_3;TRFC_S3M4_4,Both,SSP_GN_9_U_1;SSP_GN_9_U_2;SSP_GN_9_U_3;SSP_GN_9_U_4;SSP_GN_9_D_1;SSP_GN_9_D_2;SSP_GN_9_D_3;SSP_GN_9_D_4,COE_GN_1A_LU_9_U;COE_GN_1A_LU_9_D,false,None
2035,COD_VPD_5D_LU_1_B,TR_5D_MDW_DMZ,168536,0,184009,0,TRFC_M5M6;TRFC_S1S2_1;TRFC_S1S2_2;TRFC_S1S2_3;TRFC_S1S2_4;TRFC_S3M4_1;TRFC_S3M4_2;TRFC_S3M4_3;TRFC_S3M4_4,Both,SSP_VPD_1_U_1;SSP_VPD_1_U_2;SSP_VPD_1_U_3;SSP_VPD_1_U_4;SSP_VPD_1_D_1;SSP_VPD_1_D_2;SSP_VPD_1_D_3;SSP_VPD_1_D_4,COE_VPD_5D_LU_1_U;COE_VPD_5D_LU_1_D,false,None
2036,COD_VPD_6D_RD_2_B,TR_6D_MDW_DMZ,166723,0,182222,0,TRFC_M5M6;TRFC_S1S2_1;TRFC_S1S2_2;TRFC_S1S2_3;TRFC_S1S2_4;TRFC_S3M4_1;TRFC_S3M4_2;TRFC_S3M4_3;TRFC_S3M4_4,Both,SSP_VPD_2_U_1;SSP_VPD_2_U_2;SSP_VPD_2_U_3;SSP_VPD_2_U_4;SSP_VPD_2_D_1;SSP_VPD_2_D_2;SSP_VPD_2_D_3;SSP_VPD_2_D_4,COE_VPD_6D_RD_2_U;COE_VPD_6D_RD_2_D,false,None
2037,COD_DMZ_5D_LU_5_B,TR_5D_MDW_DMZ,247986,0,263486,0,TRFC_M5M6;TRFC_S1S2_1;TRFC_S1S2_2;TRFC_S1S2_3;TRFC_S1S2_4;TRFC_S3M4_1;TRFC_S3M4_2;TRFC_S3M4_3;TRFC_S3M4_4,Both,SSP_DMZ_5_U_1;SSP_DMZ_5_U_2;SSP_DMZ_5_U_3;SSP_DMZ_5_U_4;SSP_DMZ_5_D_1;SSP_DMZ_5_D_2;SSP_DMZ_5_D_3;SSP_DMZ_5_D_4,COE_DMZ_5D_LU_5_U;COE_DMZ_5D_LU_5_D,false,None
2038,COD_DMZ_6D_RD_6_B,TR_6D_MDW_DMZ,246166,0,261651,0,TRFC_M5M6;TRFC_S1S2_1;TRFC_S1S2_2;TRFC_S1S2_3;TRFC_S1S2_4;TRFC_S3M4_1;TRFC_S3M4_2;TRFC_S3M4_3;TRFC_S3M4_4,Both,SSP_DMZ_6_U_1;SSP_DMZ_6_U_2;SSP_DMZ_6_U_3;SSP_DMZ_6_U_4;SSP_DMZ_6_D_1;SSP_DMZ_6_D_2;SSP_DMZ_6_D_3;SSP_DMZ_6_D_4,COE_DMZ_6D_RD_6_U;COE_DMZ_6D_RD_6_D,false,None
2039,COD_VSW_5E_LU_9_B,TR_5E_DMZ_GPP,783491,0,799021,0,TRFC_M5M6;TRFC_S1S2_1;TRFC_S1S2_2;TRFC_S1S2_3;TRFC_S1S2_4;TRFC_S3M4_1;TRFC_S3M4_2;TRFC_S3M4_3;TRFC_S3M4_4,Both,SSP_VSW_9A_D;SSP_VSW_9A_U_1;SSP_VSW_9A_U_2;SSP_VSW_9A_U_3;SSP_VSW_9A_U_4,COE_VSW_5E_LU_9_U;COE_VSW_5E_LU_9_D,false,None
2040,COD_VSW_6E_RD_10_B,TR_6E_DMZ_GPP,784503,0,800018,0,TRFC_M5M6;TRFC_S1S2_1;TRFC_S1S2_2;TRFC_S1S2_3;TRFC_S1S2_4;TRFC_S3M4_1;TRFC_S3M4_2;TRFC_S3M4_3;TRFC_S3M4_4,Both,SSP_VSW_10_D;SSP_VSW_10_U_1;SSP_VSW_10_U_2;SSP_VSW_10_U_3;SSP_VSW_10_U_4,COE_VSW_6E_RD_10_U;COE_VSW_6E_RD_10_D,false,None
2041,COD_GZH_5E_LU_1_B,TR_5E_DMZ_GPP,844310,0,859777,0,TRFC_M5M6;TRFC_S1S2_1;TRFC_S1S2_2;TRFC_S1S2_3;TRFC_S1S2_4;TRFC_S3M4_1;TRFC_S3M4_2;TRFC_S3M4_3;TRFC_S3M4_4,Both,SSP_GZH_1_D_1;SSP_GZH_1_D_2;SSP_GZH_1_D_3;SSP_GZH_1_D_4;SSP_GZH_1_U,COE_GZH_5E_LU_1_U;COE_GZH_5E_LU_1_D,false,None
2042,COD_GZH_6E_RD_2_B,TR_6E_DMZ_GPP,845423,0,860894,0,TRFC_M5M6;TRFC_S1S2_1;TRFC_S1S2_2;TRFC_S1S2_3;TRFC_S1S2_4;TRFC_S3M4_1;TRFC_S3M4_2;TRFC_S3M4_3;TRFC_S3M4_4,Both,SSP_GZH_2_D_1;SSP_GZH_2_D_2;SSP_GZH_2_D_3;SSP_GZH_2_D_4;SSP_GZH_2_U,COE_GZH_6E_RD_2_U;COE_GZH_6E_RD_2_D,false,None
2043,COD_KEN_5E_LU_5_B,TR_5E_DMZ_GPP,934615,0,951239,0,TRFC_M5M6;TRFC_S1S2_1;TRFC_S1S2_2;TRFC_S1S2_3;TRFC_S1S2_4;TRFC_S3M4_1;TRFC_S3M4_2;TRFC_S3M4_3;TRFC_S3M4_4,Both,SSP_KEN_5_U_1;SSP_KEN_5_U_2;SSP_KEN_5_U_3;SSP_KEN_5_U_4;SSP_KEN_5_D_1;SSP_KEN_5_D_2;SSP_KEN_5_D_3;SSP_KEN_5_D_4,COE_KEN_5E_LU_5_U;COE_KEN_5E_LU_5_D,false,None
2044,COD_KEN_6E_RD_6_12_B,TR_6E_DMZ_GPP,935732,0,952365,0,TRFC_M5M6;TRFC_S1S2_1;TRFC_S1S2_2;TRFC_S1S2_3;TRFC_S1S2_4;TRFC_S3M4_1;TRFC_S3M4_2;TRFC_S3M4_3;TRFC_S3M4_4,Both,SSP_KEN_10_U_3;SSP_KEN_10_U_4;SSP_KEN_8_D_1;SSP_KEN_8_D_2;SSP_KEN_6_D_3;SSP_KEN_6_D_4;SSP_KEN_8_U_1;SSP_KEN_8_U_2,COE_KEN_6E_RD_6_12_U;COE_KEN_6E_RD_6_12_D,false,None
2045,COD_GPP_5E_LU_9_B,TR_5E_DMZ_GPP,1006424,0,1019092,0,TRFC_M5M6;TRFC_S1S2_1;TRFC_S1S2_2;TRFC_S1S2_3;TRFC_S1S2_4;TRFC_S3M4_1;TRFC_S3M4_2;TRFC_S3M4_3;TRFC_S3M4_4,Both,SSP_GPP_9_D_1;SSP_GPP_9_D_2;SSP_GPP_9_D_3;SSP_GPP_9_D_4;SSP_GPP_9_U,COE_GPP_5E_LU_9_U;COE_GPP_5E_LU_9_D,false,None
2046,COD_GPP_6E_RD_16_B,TR_6E_DMZ_GPP,1007482,0,1020199,0,TRFC_M5M6;TRFC_S1S2_1;TRFC_S1S2_2;TRFC_S1S2_3;TRFC_S1S2_4;TRFC_S3M4_1;TRFC_S3M4_2;TRFC_S3M4_3;TRFC_S3M4_4,Both,SSP_GPP_16_U;SSP_GPP_16_D_1;SSP_GPP_16_D_2;SSP_GPP_16_D_3;SSP_GPP_16_D_4,COE_GPP_6E_RD_16_U;COE_GPP_6E_RD_16_D,false,None
2047,COD_WPP_100A_U,TR_S_EOT_239_WPP,181246,-1,184480,73,TRFC_M5M6;TRFC_S1S2_1;TRFC_S1S2_2;TRFC_S1S2_3;TRFC_S1S2_4;TRFC_S3M4_1;TRFC_S3M4_2;TRFC_S3M4_3;TRFC_S3M4_4,Up,SSP_WPP_100A_D,COE_WPP_100A_100D_U,false,Up
2048,COD_WPP_100B_U,TR_S_EOT_239_WPP,184480,73,187655,36,TRFC_M5M6;TRFC_S1S2_1;TRFC_S1S2_2;TRFC_S1S2_3;TRFC_S1S2_4;TRFC_S3M4_1;TRFC_S3M4_2;TRFC_S3M4_3;TRFC_S3M4_4,Up,SSP_WPP_100B_D,COE_WPP_100A_100D_U,false,None
2049,COD_WPP_100C_U,TR_S_EOT_239_WPP,187655,36,190830,-3,TRFC_M5M6;TRFC_S1S2_1;TRFC_S1S2_2;TRFC_S1S2_3;TRFC_S1S2_4;TRFC_S3M4_1;TRFC_S3M4_2;TRFC_S3M4_3;TRFC_S3M4_4,Up,SSP_WPP_100C_D,COE_WPP_100A_100D_U,false,None
2050,COD_SLW_100A_U,TR_S_EOT_309_SLW,447076,-3,450726,-62,TRFC_S1S2_1;TRFC_S3M4_1,Up,SSP_SLW_100A_D,COE_SLW_100A_100B_U,false,Up
2051,COD_SLW_100B_U,TR_S_EOT_309_SLW,450726,-62,455367,-46,TRFC_S1S2_1;TRFC_S3M4_1,Up,SSP_SLW_100B_D,COE_SLW_100A_100B_U,false,None
2052,COD_LCM_125A_D,TR_S_313_EOT_LCM,532919,0,537119,0,TRFC_M5M6;TRFC_S1S2_1;TRFC_S1S2_2;TRFC_S1S2_3;TRFC_S1S2_4;TRFC_S3M4_1;TRFC_S3M4_2;TRFC_S3M4_3;TRFC_S3M4_4,Down,SSP_LCM_125A_U,COE_LCM_125A_125D_D,false,None
2053,COD_LCM_125B_D,TR_S_313_EOT_LCM,537119,0,540319,0,TRFC_M5M6;TRFC_S1S2_1;TRFC_S1S2_2;TRFC_S1S2_3;TRFC_S1S2_4;TRFC_S3M4_1;TRFC_S3M4_2;TRFC_S3M4_3;TRFC_S3M4_4,Down,SSP_LCM_125B_U,COE_LCM_125A_125D_D,false,None
2054,COD_LCM_125C_D,TR_S_313_EOT_LCM,540319,0,543519,0,TRFC_M5M6;TRFC_S1S2_1;TRFC_S1S2_2;TRFC_S1S2_3;TRFC_S1S2_4;TRFC_S3M4_1;TRFC_S3M4_2;TRFC_S3M4_3;TRFC_S3M4_4,Down,SSP_LCM_125C_U,COE_LCM_125A_125D_D,false,None
2055,COD_LCM_125D_D,TR_S_313_EOT_LCM,543519,0,546869,0,TRFC_M5M6;TRFC_S1S2_1;TRFC_S1S2_2;TRFC_S1S2_3;TRFC_S1S2_4;TRFC_S3M4_1;TRFC_S3M4_2;TRFC_S3M4_3;TRFC_S3M4_4,Down,SSP_LCM_125D_U,COE_LCM_125A_125D_D,false,Down
2060,COD_LCM_170_D,TR_S_367_EOT_LCM,527431,0,540516,0,TRFC_M5M6;TRFC_S1S2_1;TRFC_S1S2_2;TRFC_S1S2_3;TRFC_S1S2_4;TRFC_S3M4_1;TRFC_S3M4_2;TRFC_S3M4_3;TRFC_S3M4_4,Down,SSP_LCM_170_U,COE_LCM_170_D,false,None
2064,COD_BLW_101A_D,TR_S_627_EOT_BLW,924992,-23,929492,28,TRFC_S3M4_1;TRFC_S3M4_2;TRFC_S3M4_3,Down,SSP_BLW_101A_U,COE_BLW_101A_101D_D,false,None
2065,COD_BLW_101B_D,TR_S_627_EOT_BLW,929492,28,932692,22,TRFC_S3M4_1;TRFC_S3M4_2;TRFC_S3M4_3,Down,SSP_BLW_101B_U,COE_BLW_101A_101D_D,false,None
2066,COD_BLW_101C_D,TR_S_627_EOT_BLW,932692,22,935892,20,TRFC_S3M4_1;TRFC_S3M4_2;TRFC_S3M4_3,Down,SSP_BLW_101C_U,COE_BLW_101A_101D_D,false,None
2067,COD_BLW_101D_D,TR_S_627_EOT_BLW,935892,20,941681,0,TRFC_S3M4_1;TRFC_S3M4_2;TRFC_S3M4_3,Down,SSP_BLW_101D_U,COE_BLW_101A_101D_D,false,Down
2068,COD_GN_110A_D,TR_S_673_EOT_GN,1257468,48,1261668,6,TRFC_M5M6;TRFC_S1S2_1;TRFC_S1S2_2;TRFC_S1S2_3;TRFC_S1S2_4;TRFC_S3M4_1;TRFC_S3M4_2;TRFC_S3M4_3;TRFC_S3M4_4,Down,SSP_GN_110A_U,COE_GN_110A_110E_D,false,None
2069,COD_GN_110B_D,TR_S_673_EOT_GN,1261668,6,1264868,5,TRFC_M5M6;TRFC_S1S2_1;TRFC_S1S2_2;TRFC_S1S2_3;TRFC_S1S2_4;TRFC_S3M4_1;TRFC_S3M4_2;TRFC_S3M4_3;TRFC_S3M4_4,Down,SSP_GN_110B_U,COE_GN_110A_110E_D,false,None
2070,COD_GN_110C_D,TR_S_673_EOT_GN,1264868,5,1268068,-31,TRFC_M5M6;TRFC_S1S2_1;TRFC_S1S2_2;TRFC_S1S2_3;TRFC_S1S2_4;TRFC_S3M4_1;TRFC_S3M4_2;TRFC_S3M4_3;TRFC_S3M4_4,Down,SSP_GN_110C_U,COE_GN_110A_110E_D,false,None
2071,COD_GN_110D_D,TR_S_673_EOT_GN,1268068,-31,1271268,9,TRFC_M5M6;TRFC_S1S2_1;TRFC_S1S2_2;TRFC_S1S2_3;TRFC_S1S2_4;TRFC_S3M4_1;TRFC_S3M4_2;TRFC_S3M4_3;TRFC_S3M4_4,Down,SSP_GN_110D_U,COE_GN_110A_110E_D,false,None
2072,COD_GN_110E_D,TR_S_673_EOT_GN,1271268,9,1275502,0,TRFC_M5M6;TRFC_S1S2_1;TRFC_S1S2_2;TRFC_S1S2_3;TRFC_S1S2_4;TRFC_S3M4_1;TRFC_S3M4_2;TRFC_S3M4_3;TRFC_S3M4_4,Down,SSP_GN_110E_U,COE_GN_110A_110E_D,false,Down
2073,COD_GN_20A_D,TR_2A_CS_GN,1257517,-3,1261763,35,TRFC_M5M6;TRFC_S1S2_1;TRFC_S1S2_2;TRFC_S1S2_3;TRFC_S1S2_4;TRFC_S3M4_1;TRFC_S3M4_2;TRFC_S3M4_3;TRFC_S3M4_4,Down,SSP_GN_20A_U,COE_GN_20A_20E_D,false,None
2074,COD_GN_20B_D,TR_2A_CS_GN,1261763,35,1264963,7,TRFC_M5M6;TRFC_S1S2_1;TRFC_S1S2_2;TRFC_S1S2_3;TRFC_S1S2_4;TRFC_S3M4_1;TRFC_S3M4_2;TRFC_S3M4_3;TRFC_S3M4_4,Down,SSP_GN_20B_U,COE_GN_20A_20E_D,false,None
2075,COD_GN_20C_D,TR_2A_CS_GN,1264963,7,1268163,14,TRFC_M5M6;TRFC_S1S2_1;TRFC_S1S2_2;TRFC_S1S2_3;TRFC_S1S2_4;TRFC_S3M4_1;TRFC_S3M4_2;TRFC_S3M4_3;TRFC_S3M4_4,Down,SSP_GN_20C_U,COE_GN_20A_20E_D,false,None
2076,COD_GN_20D_D,TR_2A_CS_GN,1268163,14,1271363,-9,TRFC_M5M6;TRFC_S1S2_1;TRFC_S1S2_2;TRFC_S1S2_3;TRFC_S1S2_4;TRFC_S3M4_1;TRFC_S3M4_2;TRFC_S3M4_3;TRFC_S3M4_4,Down,SSP_GN_20D_U,COE_GN_20A_20E_D,false,None
2077,COD_GN_20E_D,TR_2A_CS_GN,1271363,-9,1275488,-5,TRFC_M5M6;TRFC_S1S2_1;TRFC_S1S2_2;TRFC_S1S2_3;TRFC_S1S2_4;TRFC_S3M4_1;TRFC_S3M4_2;TRFC_S3M4_3;TRFC_S3M4_4,Down,SSP_GN_20E_U,COE_GN_20A_20E_D,false,None
2078,COD_GN_13A_D,TR_1A_CS_GN,1258881,67,1263081,17,TRFC_M5M6;TRFC_S1S2_1;TRFC_S1S2_2;TRFC_S1S2_3;TRFC_S1S2_4;TRFC_S3M4_1;TRFC_S3M4_2;TRFC_S3M4_3;TRFC_S3M4_4,Down,SSP_GN_13A_U,COE_GN_13A_13E_D,false,None
2079,COD_GN_13B_D,TR_1A_CS_GN,1263081,17,1266281,-49,TRFC_M5M6;TRFC_S1S2_1;TRFC_S1S2_2;TRFC_S1S2_3;TRFC_S1S2_4;TRFC_S3M4_1;TRFC_S3M4_2;TRFC_S3M4_3;TRFC_S3M4_4,Down,SSP_GN_13B_U,COE_GN_13A_13E_D,false,None
2080,COD_GN_13C_D,TR_1A_CS_GN,1266281,-49,1269481,-44,TRFC_M5M6;TRFC_S1S2_1;TRFC_S1S2_2;TRFC_S1S2_3;TRFC_S1S2_4;TRFC_S3M4_1;TRFC_S3M4_2;TRFC_S3M4_3;TRFC_S3M4_4,Down,SSP_GN_13C_U,COE_GN_13A_13E_D,false,None
2081,COD_GN_13D_D,TR_1A_CS_GN,1269481,-44,1272681,-20,TRFC_M5M6;TRFC_S1S2_1;TRFC_S1S2_2;TRFC_S1S2_3;TRFC_S1S2_4;TRFC_S3M4_1;TRFC_S3M4_2;TRFC_S3M4_3;TRFC_S3M4_4,Down,SSP_GN_13D_U,COE_GN_13A_13E_D,false,None
2082,COD_GN_13E_D,TR_1A_CS_GN,1272681,-20,1276896,-8,TRFC_M5M6;TRFC_S1S2_1;TRFC_S1S2_2;TRFC_S1S2_3;TRFC_S1S2_4;TRFC_S3M4_1;TRFC_S3M4_2;TRFC_S3M4_3;TRFC_S3M4_4,Down,SSP_GN_13E_U,COE_GN_13A_13E_D,false,None
2083,COD_GN_100A_D,TR_S_671_EOT_GN,1258963,16,1263176,10,TRFC_M5M6;TRFC_S1S2_1;TRFC_S1S2_2;TRFC_S1S2_3;TRFC_S1S2_4;TRFC_S3M4_1;TRFC_S3M4_2;TRFC_S3M4_3;TRFC_S3M4_4,Down,SSP_GN_100A_U,COE_GN_100A_100E_D,false,None
2084,COD_GN_100B_D,TR_S_671_EOT_GN,1263176,10,1266376,46,TRFC_M5M6;TRFC_S1S2_1;TRFC_S1S2_2;TRFC_S1S2_3;TRFC_S1S2_4;TRFC_S3M4_1;TRFC_S3M4_2;TRFC_S3M4_3;TRFC_S3M4_4,Down,SSP_GN_100B_U,COE_GN_100A_100E_D,false,None
2085,COD_GN_100C_D,TR_S_671_EOT_GN,1266376,46,1269576,28,TRFC_M5M6;TRFC_S1S2_1;TRFC_S1S2_2;TRFC_S1S2_3;TRFC_S1S2_4;TRFC_S3M4_1;TRFC_S3M4_2;TRFC_S3M4_3;TRFC_S3M4_4,Down,SSP_GN_100C_U,COE_GN_100A_100E_D,false,None
2086,COD_GN_100D_D,TR_S_671_EOT_GN,1269576,28,1272776,63,TRFC_M5M6;TRFC_S1S2_1;TRFC_S1S2_2;TRFC_S1S2_3;TRFC_S1S2_4;TRFC_S3M4_1;TRFC_S3M4_2;TRFC_S3M4_3;TRFC_S3M4_4,Down,SSP_GN_100D_U,COE_GN_100A_100E_D,false,None
2087,COD_GN_100E_D,TR_S_671_EOT_GN,1272776,63,1276913,0,TRFC_M5M6;TRFC_S1S2_1;TRFC_S1S2_2;TRFC_S1S2_3;TRFC_S1S2_4;TRFC_S3M4_1;TRFC_S3M4_2;TRFC_S3M4_3;TRFC_S3M4_4,Down,SSP_GN_100E_U,COE_GN_100A_100E_D,false,Down
2096,COD_DMZ_120A_D,TR_S_531_EOT_DMZ,292606,19,305214,-46,TRFC_M5M6;TRFC_S3M4_1;TRFC_S3M4_2;TRFC_S3M4_3,Down,SSP_DMZ_120A_U,COE_DMZ_120A_120C_D,false,None
2097,COD_DMZ_120B_D,TR_S_531_EOT_DMZ,305214,-46,317014,-70,TRFC_M5M6;TRFC_S3M4_1;TRFC_S3M4_2;TRFC_S3M4_3,Down,SSP_DMZ_120B_U,COE_DMZ_120A_120C_D,false,None
2098,COD_DMZ_120C_D,TR_S_531_EOT_DMZ,317014,-70,328864,247,TRFC_M5M6;TRFC_S3M4_1;TRFC_S3M4_2;TRFC_S3M4_3,Down,SSP_DMZ_120C_U,COE_DMZ_120A_120C_D,false,None
2100,COD_GPP_130A_D,TR_S_585_EOT_GPP,1035809,49,1039689,8,TRFC_M5M6;TRFC_S1S2_1;TRFC_S1S2_2;TRFC_S1S2_3;TRFC_S1S2_4;TRFC_S3M4_1;TRFC_S3M4_2;TRFC_S3M4_3;TRFC_S3M4_4,Down,SSP_GPP_130A_U,COE_GPP_130A_130D_D,false,None
2101,COD_GPP_130B_D,TR_S_585_EOT_GPP,1039689,8,1042889,36,TRFC_M5M6;TRFC_S1S2_1;TRFC_S1S2_2;TRFC_S1S2_3;TRFC_S1S2_4;TRFC_S3M4_1;TRFC_S3M4_2;TRFC_S3M4_3;TRFC_S3M4_4,Down,SSP_GPP_130B_U,COE_GPP_130A_130D_D,false,None
2102,COD_GPP_130C_D,TR_S_585_EOT_GPP,1042889,36,1046089,-2,TRFC_M5M6;TRFC_S1S2_1;TRFC_S1S2_2;TRFC_S1S2_3;TRFC_S1S2_4;TRFC_S3M4_1;TRFC_S3M4_2;TRFC_S3M4_3;TRFC_S3M4_4,Down,SSP_GPP_130C_U,COE_GPP_130A_130D_D,false,None
2103,COD_GPP_130D_D,TR_S_585_EOT_GPP,1046089,-2,1049289,-154,TRFC_M5M6;TRFC_S1S2_1;TRFC_S1S2_2;TRFC_S1S2_3;TRFC_S1S2_4;TRFC_S3M4_1;TRFC_S3M4_2;TRFC_S3M4_3;TRFC_S3M4_4,Down,SSP_GPP_130D_U,COE_GPP_130A_130D_D,false,Down
2104,COD_GPP_120A_D,TR_S_581_EOT_GPP,1035809,112,1039651,94,TRFC_M5M6;TRFC_S1S2_1;TRFC_S1S2_2;TRFC_S1S2_3;TRFC_S1S2_4;TRFC_S3M4_1;TRFC_S3M4_2;TRFC_S3M4_3;TRFC_S3M4_4,Down,SSP_GPP_120A_U,COE_GPP_120A_120D_D,false,None
2105,COD_GPP_120B_D,TR_S_581_EOT_GPP,1039651,94,1042851,137,TRFC_M5M6;TRFC_S1S2_1;TRFC_S1S2_2;TRFC_S1S2_3;TRFC_S1S2_4;TRFC_S3M4_1;TRFC_S3M4_2;TRFC_S3M4_3;TRFC_S3M4_4,Down,SSP_GPP_120B_U,COE_GPP_120A_120D_D,false,None
2106,COD_GPP_120C_D,TR_S_581_EOT_GPP,1042851,137,1046051,98,TRFC_M5M6;TRFC_S1S2_1;TRFC_S1S2_2;TRFC_S1S2_3;TRFC_S1S2_4;TRFC_S3M4_1;TRFC_S3M4_2;TRFC_S3M4_3;TRFC_S3M4_4,Down,SSP_GPP_120C_U,COE_GPP_120A_120D_D,false,None
2107,COD_GPP_120D_D,TR_S_581_EOT_GPP,1046051,98,1049251,-110,TRFC_M5M6;TRFC_S1S2_1;TRFC_S1S2_2;TRFC_S1S2_3;TRFC_S1S2_4;TRFC_S3M4_1;TRFC_S3M4_2;TRFC_S3M4_3;TRFC_S3M4_4,Down,SSP_GPP_120D_U,COE_GPP_120A_120D_D,false,Down
2108,COD_GPP_20A_D,TR_6E_DMZ_GPP,1033253,12,1039370,50,TRFC_M5M6;TRFC_S1S2_1;TRFC_S1S2_2;TRFC_S1S2_3;TRFC_S1S2_4;TRFC_S3M4_1;TRFC_S3M4_2;TRFC_S3M4_3;TRFC_S3M4_4,Down,SSP_GPP_20A_U,COE_GPP_20A_20D_D,false,None
2109,COD_GPP_20B_D,TR_6E_DMZ_GPP,1039370,50,1042570,80,TRFC_M5M6;TRFC_S1S2_1;TRFC_S1S2_2;TRFC_S1S2_3;TRFC_S1S2_4;TRFC_S3M4_1;TRFC_S3M4_2;TRFC_S3M4_3;TRFC_S3M4_4,Down,SSP_GPP_20B_U,COE_GPP_20A_20D_D,false,None
2110,COD_GPP_20C_D,TR_6E_DMZ_GPP,1042570,80,1045770,42,TRFC_M5M6;TRFC_S1S2_1;TRFC_S1S2_2;TRFC_S1S2_3;TRFC_S1S2_4;TRFC_S3M4_1;TRFC_S3M4_2;TRFC_S3M4_3;TRFC_S3M4_4,Down,SSP_GPP_20C_U,COE_GPP_20A_20D_D,false,None
2111,COD_GPP_20D_D,TR_6E_DMZ_GPP,1045770,42,1049495,-39,TRFC_M5M6;TRFC_S1S2_1;TRFC_S1S2_2;TRFC_S1S2_3;TRFC_S1S2_4;TRFC_S3M4_1;TRFC_S3M4_2;TRFC_S3M4_3;TRFC_S3M4_4,Down,SSP_GPP_20D_U,COE_GPP_20A_20D_D,false,Down
2112,COD_GPP_110A_D,TR_S_583_EOT_GPP,1034092,-41,1038247,-3,TRFC_M5M6;TRFC_S1S2_1;TRFC_S1S2_2;TRFC_S1S2_3;TRFC_S1S2_4;TRFC_S3M4_1;TRFC_S3M4_2;TRFC_S3M4_3;TRFC_S3M4_4,Down,SSP_GPP_110A_U,COE_GPP_110A_110D_D,false,None
2113,COD_GPP_110B_D,TR_S_583_EOT_GPP,1038247,-3,1041447,-37,TRFC_M5M6;TRFC_S1S2_1;TRFC_S1S2_2;TRFC_S1S2_3;TRFC_S1S2_4;TRFC_S3M4_1;TRFC_S3M4_2;TRFC_S3M4_3;TRFC_S3M4_4,Down,SSP_GPP_110B_U,COE_GPP_110A_110D_D,false,None
2114,COD_GPP_110C_D,TR_S_583_EOT_GPP,1041447,-37,1044647,4,TRFC_M5M6;TRFC_S1S2_1;TRFC_S1S2_2;TRFC_S1S2_3;TRFC_S1S2_4;TRFC_S3M4_1;TRFC_S3M4_2;TRFC_S3M4_3;TRFC_S3M4_4,Down,SSP_GPP_110C_U,COE_GPP_110A_110D_D,false,None
2115,COD_GPP_110D_D,TR_S_583_EOT_GPP,1044647,4,1048363,-42,TRFC_M5M6;TRFC_S1S2_1;TRFC_S1S2_2;TRFC_S1S2_3;TRFC_S1S2_4;TRFC_S3M4_1;TRFC_S3M4_2;TRFC_S3M4_3;TRFC_S3M4_4,Down,SSP_GPP_110D_U,COE_GPP_110A_110D_D,false,Down
2116,COD_GPP_13A_D,TR_5E_DMZ_GPP,1034092,27,1038212,17,TRFC_M5M6;TRFC_S1S2_1;TRFC_S1S2_2;TRFC_S1S2_3;TRFC_S1S2_4;TRFC_S3M4_1;TRFC_S3M4_2;TRFC_S3M4_3;TRFC_S3M4_4,Down,SSP_GPP_13A_U,COE_GPP_13A_13D_D,false,None
2117,COD_GPP_13B_D,TR_5E_DMZ_GPP,1038212,17,1041412,-25,TRFC_M5M6;TRFC_S1S2_1;TRFC_S1S2_2;TRFC_S1S2_3;TRFC_S1S2_4;TRFC_S3M4_1;TRFC_S3M4_2;TRFC_S3M4_3;TRFC_S3M4_4,Down,SSP_GPP_13B_U,COE_GPP_13A_13D_D,false,None
2118,COD_GPP_13C_D,TR_5E_DMZ_GPP,1041412,-25,1044612,11,TRFC_M5M6;TRFC_S1S2_1;TRFC_S1S2_2;TRFC_S1S2_3;TRFC_S1S2_4;TRFC_S3M4_1;TRFC_S3M4_2;TRFC_S3M4_3;TRFC_S3M4_4,Down,SSP_GPP_13C_U,COE_GPP_13A_13D_D,false,None
2119,COD_GPP_13D_D,TR_5E_DMZ_GPP,1044612,11,1048335,1,TRFC_M5M6;TRFC_S1S2_1;TRFC_S1S2_2;TRFC_S1S2_3;TRFC_S1S2_4;TRFC_S3M4_1;TRFC_S3M4_2;TRFC_S3M4_3;TRFC_S3M4_4,Down,SSP_GPP_13D_U,COE_GPP_13A_13D_D,false,Down
2120,COD_GPP_100A_D,TR_S_579_EOT_GPP,1031595,-1,1038276,-43,TRFC_M5M6;TRFC_S1S2_1;TRFC_S1S2_2;TRFC_S1S2_3;TRFC_S1S2_4;TRFC_S3M4_1;TRFC_S3M4_2;TRFC_S3M4_3;TRFC_S3M4_4,Down,SSP_GPP_100A_U,COE_GPP_100A_100D_D,false,None
2121,COD_GPP_100B_D,TR_S_579_EOT_GPP,1038276,-43,1041476,-75,TRFC_M5M6;TRFC_S1S2_1;TRFC_S1S2_2;TRFC_S1S2_3;TRFC_S1S2_4;TRFC_S3M4_1;TRFC_S3M4_2;TRFC_S3M4_3;TRFC_S3M4_4,Down,SSP_GPP_100B_U,COE_GPP_100A_100D_D,false,None
2122,COD_GPP_100C_D,TR_S_579_EOT_GPP,1041476,-75,1044676,-37,TRFC_M5M6;TRFC_S1S2_1;TRFC_S1S2_2;TRFC_S1S2_3;TRFC_S1S2_4;TRFC_S3M4_1;TRFC_S3M4_2;TRFC_S3M4_3;TRFC_S3M4_4,Down,SSP_GPP_100C_U,COE_GPP_100A_100D_D,false,None
2123,COD_GPP_100D_D,TR_S_579_EOT_GPP,1044676,-37,1048414,0,TRFC_M5M6;TRFC_S1S2_1;TRFC_S1S2_2;TRFC_S1S2_3;TRFC_S1S2_4;TRFC_S3M4_1;TRFC_S3M4_2;TRFC_S3M4_3;TRFC_S3M4_4,Down,SSP_GPP_100D_U,COE_GPP_100A_100D_D,false,Down
2126,COD_ZD_3A_LU_11_17_B,TR_3A_SLW_ZD,917332,0,929888,0,TRFC_M5M6;TRFC_S1S2_1;TRFC_S1S2_2;TRFC_S1S2_3;TRFC_S1S2_4;TRFC_S3M4_1;TRFC_S3M4_2;TRFC_S3M4_3;TRFC_S3M4_4,Both,SSP_ZD_17_U_234;SSP_ZD_15_D_2;SSP_ZD_13_D_3;SSP_ZD_11_D_4;SSP_ZD_17_U_1,COE_ZD_3A_LU_11_17_U;COE_ZD_3A_LU_11_17_D,false,None
2127,COD_ZD_12_LD_111A_111B_B,TR_12_ZD_ZD,922190,0,928815,0,TRFC_S1S2_1;TRFC_S1S2_2;TRFC_S3M4_1;TRFC_S3M4_2,Both,SSP_ZD_111B_U_12;SSP_ZD_111B_D_1;SSP_ZD_111A_D_2,COE_ZD_12_LD_111A_111B_U;COE_ZD_12_LD_111A_111B_D,false,None
2128,COD_ZD_4A_RD_10_16_B,TR_4A_SLW_ZD,916500,0,929036,0,TRFC_M5M6;TRFC_S1S2_1;TRFC_S1S2_2;TRFC_S1S2_3;TRFC_S1S2_4;TRFC_S3M4_1;TRFC_S3M4_2;TRFC_S3M4_3;TRFC_S3M4_4,Both,SSP_ZD_16_U;SSP_ZD_16_D_1;SSP_ZD_14_D_2;SSP_ZD_12_D_3;SSP_ZD_10_D_4,COE_ZD_4A_RD_10_16_U;COE_ZD_4A_RD_10_16_D,false,None
2129,COD_OAS_4A_LD_6_B,TR_4A_SLW_ZD,584170,0,597210,0,TRFC_M5M6,Both,SSP_OAS_6_U_1;SSP_OAS_6_U_2;SSP_OAS_6_U_3;SSP_OAS_6_U_4;SSP_OAS_6_D_1;SSP_OAS_6_D_2;SSP_OAS_6_D_3;SSP_OAS_6_D_4,COE_OAS_4A_LD_6_U;COE_OAS_4A_LD_6_D,false,None
2130,COD_OAS_3A_RU_3_7_B,TR_3A_SLW_ZD,583664,0,596595,0,TRFC_M5M6,Both,SSP_OAS_3_U_1;SSP_OAS_3_U_2;SSP_OAS_3_U_3;SSP_OAS_3_U_4;SSP_OAS_3_D_1;SSP_OAS_3_D_2;SSP_OAS_3_D_3;SSP_OAS_3_D_4,COE_OAS_3A_RU_3_7_U;COE_OAS_3A_RU_3_7_D,false,None
2131,COD_OAS_6A_LU_15_19_B,TR_6A_MDW_OAS,652007,0,664950,0,TRFC_M5M6,Both,SSP_OAS_15_U_1;SSP_OAS_15_U_2;SSP_OAS_15_U_3;SSP_OAS_15_U_4;SSP_OAS_15_D_1;SSP_OAS_15_D_2;SSP_OAS_15_D_3;SSP_OAS_15_D_4,COE_OAS_6A_LU_15_19_U;COE_OAS_6A_LU_15_19_D,false,None
2132,COD_RAI_3A_LU_1_B,TR_3A_SLW_ZD,810687,0,823659,0,TRFC_M5M6;TRFC_S1S2_1;TRFC_S1S2_2;TRFC_S1S2_3;TRFC_S1S2_4;TRFC_S3M4_1;TRFC_S3M4_2;TRFC_S3M4_3;TRFC_S3M4_4,Both,SSP_RAI_1A_U_1;SSP_RAI_1A_U_2;SSP_RAI_1A_U_3;SSP_RAI_1A_U_4;SSP_RAI_1A_D,COE_RAI_3A_LU_1_U;COE_RAI_3A_LU_1_D,false,None
2133,COD_RAI_4A_RD_2_B,TR_4A_SLW_ZD,811741,0,824228,0,TRFC_M5M6;TRFC_S1S2_1;TRFC_S1S2_2;TRFC_S1S2_3;TRFC_S1S2_4;TRFC_S3M4_1;TRFC_S3M4_2;TRFC_S3M4_3;TRFC_S3M4_4,Both,SSP_RAI_2A_U_1;SSP_RAI_2A_U_2;SSP_RAI_2A_U_3;SSP_RAI_2A_U_4;SSP_RAI_2A_D,COE_RAI_4A_RD_2_U;COE_RAI_4A_RD_2_D,false,None
2134,COD_WPP_100D_U,TR_S_EOT_239_WPP,190830,-3,194341,51,TRFC_M5M6;TRFC_S1S2_1;TRFC_S1S2_2;TRFC_S1S2_3;TRFC_S1S2_4;TRFC_S3M4_1;TRFC_S3M4_2;TRFC_S3M4_3;TRFC_S3M4_4,Up,SSP_WPP_100D_D,COE_WPP_100A_100D_U,false,None
2137,COD_ZD_132A_B,TR_7B_ZD_ZD,982277,0,986477,0,TRFC_M5M6;TRFC_S1S2_1;TRFC_S1S2_2;TRFC_S1S2_3;TRFC_S1S2_4;TRFC_S3M4_1;TRFC_S3M4_2;TRFC_S3M4_3;TRFC_S3M4_4,Both,SSP_ZD_132A_U;SSP_ZD_132A_D,COE_ZD_132A_132E_D;COE_ZD_132A_132E_U,false,Up
2138,COD_ZD_132B_B,TR_7B_ZD_ZD,986477,0,989677,0,TRFC_M5M6;TRFC_S1S2_1;TRFC_S1S2_2;TRFC_S1S2_3;TRFC_S1S2_4;TRFC_S3M4_1;TRFC_S3M4_2;TRFC_S3M4_3;TRFC_S3M4_4,Both,SSP_ZD_132B_U;SSP_ZD_132B_D,COE_ZD_132A_132E_D;COE_ZD_132A_132E_U,false,None
2139,COD_ZD_132C_B,TR_7B_ZD_ZD,989677,0,992877,0,TRFC_M5M6;TRFC_S1S2_1;TRFC_S1S2_2;TRFC_S1S2_3;TRFC_S1S2_4;TRFC_S3M4_1;TRFC_S3M4_2;TRFC_S3M4_3;TRFC_S3M4_4,Both,SSP_ZD_132C_U;SSP_ZD_132C_D,COE_ZD_132A_132E_D;COE_ZD_132A_132E_U,false,None
2140,COD_ZD_132D_B,TR_7B_ZD_ZD,992877,0,996077,0,TRFC_M5M6;TRFC_S1S2_1;TRFC_S1S2_2;TRFC_S1S2_3;TRFC_S1S2_4;TRFC_S3M4_1;TRFC_S3M4_2;TRFC_S3M4_3;TRFC_S3M4_4,Both,SSP_ZD_132D_U;SSP_ZD_132D_D,COE_ZD_132A_132E_D;COE_ZD_132A_132E_U,false,None
2141,COD_ZD_132E_B,TR_7B_ZD_ZD,996077,0,999327,0,TRFC_M5M6;TRFC_S1S2_1;TRFC_S1S2_2;TRFC_S1S2_3;TRFC_S1S2_4;TRFC_S3M4_1;TRFC_S3M4_2;TRFC_S3M4_3;TRFC_S3M4_4,Both,SSP_ZD_132E_U;SSP_ZD_132E_D,COE_ZD_132A_132E_D;COE_ZD_132A_132E_U,false,Down
2142,COD_ZD_133A_B,TR_7B_ZD_ZD,999327,0,1002577,0,TRFC_M5M6;TRFC_S1S2_1;TRFC_S1S2_2;TRFC_S1S2_3;TRFC_S1S2_4;TRFC_S3M4_1;TRFC_S3M4_2;TRFC_S3M4_3;TRFC_S3M4_4,Both,SSP_ZD_133A_U;SSP_ZD_133A_D,COE_ZD_133A_133D_D;COE_ZD_133A_133D_U,false,Up
2143,COD_ZD_133B_B,TR_7B_ZD_ZD,1002577,0,1005777,0,TRFC_M5M6;TRFC_S1S2_1;TRFC_S1S2_2;TRFC_S1S2_3;TRFC_S1S2_4;TRFC_S3M4_1;TRFC_S3M4_2;TRFC_S3M4_3;TRFC_S3M4_4,Both,SSP_ZD_133B_U;SSP_ZD_133B_D,COE_ZD_133A_133D_D;COE_ZD_133A_133D_U,false,None
2144,COD_ZD_133C_B,TR_7B_ZD_ZD,1005777,0,1008977,0,TRFC_M5M6;TRFC_S1S2_1;TRFC_S1S2_2;TRFC_S1S2_3;TRFC_S1S2_4;TRFC_S3M4_1;TRFC_S3M4_2;TRFC_S3M4_3;TRFC_S3M4_4,Both,SSP_ZD_133C_U;SSP_ZD_133C_D,COE_ZD_133A_133D_D;COE_ZD_133A_133D_U,false,None
2145,COD_ZD_133D_B,TR_7B_ZD_ZD,1008977,0,1013177,0,TRFC_M5M6;TRFC_S1S2_1;TRFC_S1S2_2;TRFC_S1S2_3;TRFC_S1S2_4;TRFC_S3M4_1;TRFC_S3M4_2;TRFC_S3M4_3;TRFC_S3M4_4,Both,SSP_ZD_133D_U;SSP_ZD_133D_D,COE_ZD_133A_133D_D;COE_ZD_133A_133D_U,false,Down
2146,COD_ZD_141A_B,TR_S_1921_ZD,981958,0,986158,0,TRFC_M5M6;TRFC_S1S2_1;TRFC_S1S2_2;TRFC_S1S2_3;TRFC_S1S2_4;TRFC_S3M4_1;TRFC_S3M4_2;TRFC_S3M4_3;TRFC_S3M4_4,Both,SSP_ZD_141A_U;SSP_ZD_141A_D,COE_ZD_141A_141E_D;COE_ZD_141A_141E_U,false,Up
2147,COD_ZD_141B_B,TR_S_1921_ZD,986158,0,989358,0,TRFC_M5M6;TRFC_S1S2_1;TRFC_S1S2_2;TRFC_S1S2_3;TRFC_S1S2_4;TRFC_S3M4_1;TRFC_S3M4_2;TRFC_S3M4_3;TRFC_S3M4_4,Both,SSP_ZD_141B_U;SSP_ZD_141B_D,COE_ZD_141A_141E_D;COE_ZD_141A_141E_U,false,None
2148,COD_ZD_141C_B,TR_S_1921_ZD,989358,0,992558,0,TRFC_M5M6;TRFC_S1S2_1;TRFC_S1S2_2;TRFC_S1S2_3;TRFC_S1S2_4;TRFC_S3M4_1;TRFC_S3M4_2;TRFC_S3M4_3;TRFC_S3M4_4,Both,SSP_ZD_141C_U;SSP_ZD_141C_D,COE_ZD_141A_141E_D;COE_ZD_141A_141E_U,false,None
2149,COD_ZD_141D_B,TR_S_1921_ZD,992558,0,995758,0,TRFC_M5M6;TRFC_S1S2_1;TRFC_S1S2_2;TRFC_S1S2_3;TRFC_S1S2_4;TRFC_S3M4_1;TRFC_S3M4_2;TRFC_S3M4_3;TRFC_S3M4_4,Both,SSP_ZD_141D_U;SSP_ZD_141D_D,COE_ZD_141A_141E_D;COE_ZD_141A_141E_U,false,None
2150,COD_ZD_141E_B,TR_S_1921_ZD,995758,0,999008,0,TRFC_M5M6;TRFC_S1S2_1;TRFC_S1S2_2;TRFC_S1S2_3;TRFC_S1S2_4;TRFC_S3M4_1;TRFC_S3M4_2;TRFC_S3M4_3;TRFC_S3M4_4,Both,SSP_ZD_141E_U;SSP_ZD_141E_D,COE_ZD_141A_141E_D;COE_ZD_141A_141E_U,false,Down
2151,COD_ZD_142A_B,TR_S_1921_ZD,999008,0,1002258,0,TRFC_M5M6;TRFC_S1S2_1;TRFC_S1S2_2;TRFC_S1S2_3;TRFC_S1S2_4;TRFC_S3M4_1;TRFC_S3M4_2;TRFC_S3M4_3;TRFC_S3M4_4,Both,SSP_ZD_142A_U;SSP_ZD_142A_D,COE_ZD_142A_142D_D;COE_ZD_142A_142D_U,false,Up
2152,COD_ZD_142B_B,TR_S_1921_ZD,1002258,0,1005458,0,TRFC_M5M6;TRFC_S1S2_1;TRFC_S1S2_2;TRFC_S1S2_3;TRFC_S1S2_4;TRFC_S3M4_1;TRFC_S3M4_2;TRFC_S3M4_3;TRFC_S3M4_4,Both,SSP_ZD_142B_U;SSP_ZD_142B_D,COE_ZD_142A_142D_D;COE_ZD_142A_142D_U,false,None
2153,COD_ZD_142C_B,TR_S_1921_ZD,1005458,0,1008658,0,TRFC_M5M6;TRFC_S1S2_1;TRFC_S1S2_2;TRFC_S1S2_3;TRFC_S1S2_4;TRFC_S3M4_1;TRFC_S3M4_2;TRFC_S3M4_3;TRFC_S3M4_4,Both,SSP_ZD_142C_U;SSP_ZD_142C_D,COE_ZD_142A_142D_D;COE_ZD_142A_142D_U,false,None
2154,COD_ZD_142D_B,TR_S_1921_ZD,1008658,0,1012858,0,TRFC_M5M6;TRFC_S1S2_1;TRFC_S1S2_2;TRFC_S1S2_3;TRFC_S1S2_4;TRFC_S3M4_1;TRFC_S3M4_2;TRFC_S3M4_3;TRFC_S3M4_4,Both,SSP_ZD_142D_U;SSP_ZD_142D_D,COE_ZD_142A_142D_D;COE_ZD_142A_142D_U,false,Down
2155,COD_ZD_151A_B,TR_S_1799_EOT_ZD,930865,0,934503,0,TRFC_M5M6;TRFC_S1S2_1;TRFC_S1S2_2;TRFC_S1S2_3;TRFC_S1S2_4;TRFC_S3M4_1;TRFC_S3M4_2;TRFC_S3M4_3;TRFC_S3M4_4,Both,SSP_ZD_151A_U;SSP_ZD_151A_D,COE_ZD_151A_151E_D;COE_ZD_151A_151E_U,false,Up
2156,COD_ZD_151B_B,TR_S_1799_EOT_ZD,934503,0,937703,0,TRFC_M5M6;TRFC_S1S2_1;TRFC_S1S2_2;TRFC_S1S2_3;TRFC_S1S2_4;TRFC_S3M4_1;TRFC_S3M4_2;TRFC_S3M4_3;TRFC_S3M4_4,Both,SSP_ZD_151B_U;SSP_ZD_151B_D,COE_ZD_151A_151E_D;COE_ZD_151A_151E_U,false,None
2157,COD_ZD_151C_B,TR_S_1799_EOT_ZD,937703,0,940903,0,TRFC_M5M6;TRFC_S1S2_1;TRFC_S1S2_2;TRFC_S1S2_3;TRFC_S1S2_4;TRFC_S3M4_1;TRFC_S3M4_2;TRFC_S3M4_3;TRFC_S3M4_4,Both,SSP_ZD_151C_U;SSP_ZD_151C_D,COE_ZD_151A_151E_D;COE_ZD_151A_151E_U,false,None
2158,COD_ZD_151D_B,TR_S_1799_EOT_ZD,940903,0,944103,0,TRFC_M5M6;TRFC_S1S2_1;TRFC_S1S2_2;TRFC_S1S2_3;TRFC_S1S2_4;TRFC_S3M4_1;TRFC_S3M4_2;TRFC_S3M4_3;TRFC_S3M4_4,Both,SSP_ZD_151D_U;SSP_ZD_151D_D,COE_ZD_151A_151E_D;COE_ZD_151A_151E_U,false,None
2159,COD_ZD_151E_B,TR_S_1799_EOT_ZD,944103,0,947353,0,TRFC_M5M6;TRFC_S1S2_1;TRFC_S1S2_2;TRFC_S1S2_3;TRFC_S1S2_4;TRFC_S3M4_1;TRFC_S3M4_2;TRFC_S3M4_3;TRFC_S3M4_4,Both,SSP_ZD_151E_U;SSP_ZD_151E_D,COE_ZD_151A_151E_D;COE_ZD_151A_151E_U,false,Down
2160,COD_ZD_152A_B,TR_S_1799_EOT_ZD,947353,0,950603,0,TRFC_M5M6;TRFC_S1S2_1;TRFC_S1S2_2;TRFC_S1S2_3;TRFC_S1S2_4;TRFC_S3M4_1;TRFC_S3M4_2;TRFC_S3M4_3;TRFC_S3M4_4,Both,SSP_ZD_152A_U;SSP_ZD_152A_D,COE_ZD_152A_152D_D;COE_ZD_152A_152D_U,false,Up
2161,COD_ZD_152B_B,TR_S_1799_EOT_ZD,950603,0,953803,0,TRFC_M5M6;TRFC_S1S2_1;TRFC_S1S2_2;TRFC_S1S2_3;TRFC_S1S2_4;TRFC_S3M4_1;TRFC_S3M4_2;TRFC_S3M4_3;TRFC_S3M4_4,Both,SSP_ZD_152B_U;SSP_ZD_152B_D,COE_ZD_152A_152D_D;COE_ZD_152A_152D_U,false,None
2162,COD_ZD_152C_B,TR_S_1799_EOT_ZD,953803,0,957003,0,TRFC_M5M6;TRFC_S1S2_1;TRFC_S1S2_2;TRFC_S1S2_3;TRFC_S1S2_4;TRFC_S3M4_1;TRFC_S3M4_2;TRFC_S3M4_3;TRFC_S3M4_4,Both,SSP_ZD_152C_U;SSP_ZD_152C_D,COE_ZD_152A_152D_D;COE_ZD_152A_152D_U,false,None
2163,COD_ZD_152D_B,TR_S_1799_EOT_ZD,957003,0,961203,0,TRFC_M5M6;TRFC_S1S2_1;TRFC_S1S2_2;TRFC_S1S2_3;TRFC_S1S2_4;TRFC_S3M4_1;TRFC_S3M4_2;TRFC_S3M4_3;TRFC_S3M4_4,Both,SSP_ZD_152D_U;SSP_ZD_152D_D,COE_ZD_152A_152D_D;COE_ZD_152A_152D_U,false,Down
2164,COD_ZD_160A_B,TR_S_1915_ZD,931324,0,935524,0,TRFC_M5M6;TRFC_S1S2_1;TRFC_S1S2_2;TRFC_S1S2_3;TRFC_S1S2_4;TRFC_S3M4_1;TRFC_S3M4_2;TRFC_S3M4_3;TRFC_S3M4_4,Both,SSP_ZD_160A_U;SSP_ZD_160A_D,COE_ZD_160A_160E_D;COE_ZD_160A_160E_U,false,Up
2165,COD_ZD_160B_B,TR_S_1915_ZD,935524,0,938724,0,TRFC_M5M6;TRFC_S1S2_1;TRFC_S1S2_2;TRFC_S1S2_3;TRFC_S1S2_4;TRFC_S3M4_1;TRFC_S3M4_2;TRFC_S3M4_3;TRFC_S3M4_4,Both,SSP_ZD_160B_U;SSP_ZD_160B_D,COE_ZD_160A_160E_D;COE_ZD_160A_160E_U,false,None
2166,COD_ZD_160C_B,TR_S_1915_ZD,938724,0,941924,0,TRFC_M5M6;TRFC_S1S2_1;TRFC_S1S2_2;TRFC_S1S2_3;TRFC_S1S2_4;TRFC_S3M4_1;TRFC_S3M4_2;TRFC_S3M4_3;TRFC_S3M4_4,Both,SSP_ZD_160C_U;SSP_ZD_160C_D,COE_ZD_160A_160E_D;COE_ZD_160A_160E_U,false,None
2167,COD_ZD_160D_B,TR_S_1915_ZD,941924,0,945124,0,TRFC_M5M6;TRFC_S1S2_1;TRFC_S1S2_2;TRFC_S1S2_3;TRFC_S1S2_4;TRFC_S3M4_1;TRFC_S3M4_2;TRFC_S3M4_3;TRFC_S3M4_4,Both,SSP_ZD_160D_U;SSP_ZD_160D_D,COE_ZD_160A_160E_D;COE_ZD_160A_160E_U,false,None
2168,COD_ZD_160E_B,TR_S_1915_ZD,945124,0,948374,0,TRFC_M5M6;TRFC_S1S2_1;TRFC_S1S2_2;TRFC_S1S2_3;TRFC_S1S2_4;TRFC_S3M4_1;TRFC_S3M4_2;TRFC_S3M4_3;TRFC_S3M4_4,Both,SSP_ZD_160E_U;SSP_ZD_160E_D,COE_ZD_160A_160E_D;COE_ZD_160A_160E_U,false,Down
2169,COD_ZD_161A_B,TR_S_1915_ZD,948374,0,951624,0,TRFC_M5M6;TRFC_S1S2_1;TRFC_S1S2_2;TRFC_S1S2_3;TRFC_S1S2_4;TRFC_S3M4_1;TRFC_S3M4_2;TRFC_S3M4_3;TRFC_S3M4_4,Both,SSP_ZD_161A_U;SSP_ZD_161A_D,COE_ZD_161A_161D_D;COE_ZD_161A_161D_U,false,Up
2170,COD_ZD_161B_B,TR_S_1915_ZD,951624,0,954824,0,TRFC_M5M6;TRFC_S1S2_1;TRFC_S1S2_2;TRFC_S1S2_3;TRFC_S1S2_4;TRFC_S3M4_1;TRFC_S3M4_2;TRFC_S3M4_3;TRFC_S3M4_4,Both,SSP_ZD_161B_U;SSP_ZD_161B_D,COE_ZD_161A_161D_D;COE_ZD_161A_161D_U,false,None
2171,COD_ZD_161C_B,TR_S_1915_ZD,954824,0,958024,0,TRFC_M5M6;TRFC_S1S2_1;TRFC_S1S2_2;TRFC_S1S2_3;TRFC_S1S2_4;TRFC_S3M4_1;TRFC_S3M4_2;TRFC_S3M4_3;TRFC_S3M4_4,Both,SSP_ZD_161C_U;SSP_ZD_161C_D,COE_ZD_161A_161D_D;COE_ZD_161A_161D_U,false,None
2172,COD_ZD_161D_B,TR_S_1915_ZD,958024,0,962224,0,TRFC_M5M6;TRFC_S1S2_1;TRFC_S1S2_2;TRFC_S1S2_3;TRFC_S1S2_4;TRFC_S3M4_1;TRFC_S3M4_2;TRFC_S3M4_3;TRFC_S3M4_4,Both,SSP_ZD_161D_U;SSP_ZD_161D_D,COE_ZD_161A_161D_D;COE_ZD_161A_161D_U,false,Down
2173,COD_ZD_102A_B,TR_S_1831A_ZD,861309,10,866505,17,TRFC_M5M6;TRFC_S1S2_1;TRFC_S1S2_2;TRFC_S1S2_3;TRFC_S1S2_4;TRFC_S3M4_1;TRFC_S3M4_2;TRFC_S3M4_3;TRFC_S3M4_4,Both,SSP_ZD_102A_U;SSP_ZD_102A_D,COE_ZD_102A_102D_D;COE_ZD_102A_102D_U,false,Up
2174,COD_ZD_102B_B,TR_S_1831A_ZD,866505,17,869743,-10,TRFC_M5M6;TRFC_S1S2_1;TRFC_S1S2_2;TRFC_S1S2_3;TRFC_S1S2_4;TRFC_S3M4_1;TRFC_S3M4_2;TRFC_S3M4_3;TRFC_S3M4_4,Both,SSP_ZD_102B_U;SSP_ZD_102B_D,COE_ZD_102A_102D_D;COE_ZD_102A_102D_U,false,None
2175,COD_ZD_102C_B,TR_S_1831A_ZD,869743,-10,872965,-7,TRFC_M5M6;TRFC_S1S2_1;TRFC_S1S2_2;TRFC_S1S2_3;TRFC_S1S2_4;TRFC_S3M4_1;TRFC_S3M4_2;TRFC_S3M4_3;TRFC_S3M4_4,Both,SSP_ZD_102C_U;SSP_ZD_102C_D,COE_ZD_102A_102D_D;COE_ZD_102A_102D_U,false,None
2176,COD_ZD_102D_B,TR_S_1831A_ZD,872965,-7,876760,-1,TRFC_M5M6;TRFC_S1S2_1;TRFC_S1S2_2;TRFC_S1S2_3;TRFC_S1S2_4;TRFC_S3M4_1;TRFC_S3M4_2;TRFC_S3M4_3;TRFC_S3M4_4,Both,SSP_ZD_102D_U;SSP_ZD_102D_D,COE_ZD_102A_102D_D;COE_ZD_102A_102D_U,false,Down
2181,COD_ZD_154A_D,TR_S_1799_EOT_ZD,972241,0,977242,0,TRFC_S1S2_1;TRFC_S3M4_1,Down,SSP_ZD_154A_U,COE_ZD_154A_EOT_D,false,None
2185,COD_SLW_2_U,TR_2A_CS_GN,313057,0,380032,-1,TRFC_M5M6;TRFC_S1S2_1;TRFC_S1S2_2;TRFC_S1S2_3;TRFC_S1S2_4;TRFC_S3M4_1;TRFC_S3M4_2;TRFC_S3M4_3;TRFC_S3M4_4,Up,SSP_SLW_2_D,COE_SLW_2_U,false,None
2186,COD_SLW_1_U,TR_1A_CS_GN,313107,-33,380040,-66,TRFC_M5M6;TRFC_S1S2_1;TRFC_S1S2_2;TRFC_S1S2_3;TRFC_S1S2_4;TRFC_S3M4_1;TRFC_S3M4_2;TRFC_S3M4_3;TRFC_S3M4_4,Up,SSP_SLW_1_D,COE_SLW_1_U,false,None
2187,COD_LCM_121A_B,TR_S_313_EOT_LCM,487338,0,491538,0,TRFC_M5M6;TRFC_S1S2_1;TRFC_S1S2_2;TRFC_S1S2_3;TRFC_S1S2_4;TRFC_S3M4_1;TRFC_S3M4_2;TRFC_S3M4_3;TRFC_S3M4_4,Both,SSP_LCM_121A_U;SSP_LCM_121A_D,COE_LCM_14_121D_U;COE_LCM_14_121D_D,false,Up
2188,COD_LCM_121B_B,TR_S_313_EOT_LCM,491538,0,494738,0,TRFC_S1S2_1;TRFC_S1S2_2;TRFC_S1S2_3;TRFC_S3M4_1;TRFC_S3M4_2;TRFC_S3M4_3,Both,SSP_LCM_121B_U;SSP_LCM_121B_D,COE_LCM_14_121D_U;COE_LCM_14_121D_D,false,None
2189,COD_LCM_121C_B,TR_S_313_EOT_LCM,494738,0,497938,0,TRFC_S1S2_1;TRFC_S1S2_2;TRFC_S1S2_3;TRFC_S3M4_1;TRFC_S3M4_2;TRFC_S3M4_3,Both,SSP_LCM_121C_U;SSP_LCM_121C_D,COE_LCM_14_121D_U;COE_LCM_14_121D_D,false,None
2190,COD_LCM_121D_B,TR_S_313_EOT_LCM,497938,0,502138,0,TRFC_M5M6;TRFC_S1S2_1;TRFC_S1S2_2;TRFC_S1S2_3;TRFC_S1S2_4;TRFC_S3M4_1;TRFC_S3M4_2;TRFC_S3M4_3;TRFC_S3M4_4,Both,SSP_LCM_121D_U;SSP_LCM_121D_D,COE_LCM_14_121D_U;COE_LCM_14_121D_D,false,Down
2191,COD_LCM_123A_B,TR_S_313_EOT_LCM,508883,0,513083,0,TRFC_M5M6;TRFC_S1S2_1;TRFC_S1S2_2;TRFC_S1S2_3;TRFC_S1S2_4;TRFC_S3M4_1;TRFC_S3M4_2;TRFC_S3M4_3;TRFC_S3M4_4,Both,SSP_LCM_123A_U;SSP_LCM_123A_D,COE_LCM_123A_123D_U;COE_LCM_123A_123D_D,false,Up
2192,COD_LCM_123B_B,TR_S_313_EOT_LCM,513083,0,516283,0,TRFC_S1S2_1;TRFC_S1S2_2;TRFC_S1S2_3;TRFC_S3M4_1;TRFC_S3M4_2;TRFC_S3M4_3,Both,SSP_LCM_123B_U;SSP_LCM_123B_D,COE_LCM_123A_123D_U;COE_LCM_123A_123D_D,false,None
2193,COD_LCM_123C_B,TR_S_313_EOT_LCM,516283,0,519483,0,TRFC_S1S2_1;TRFC_S1S2_2;TRFC_S1S2_3;TRFC_S3M4_1;TRFC_S3M4_2;TRFC_S3M4_3,Both,SSP_LCM_123C_U;SSP_LCM_123C_D,COE_LCM_123A_123D_U;COE_LCM_123A_123D_D,false,None
2194,COD_LCM_123D_B,TR_S_313_EOT_LCM,519483,0,523683,0,TRFC_M5M6;TRFC_S1S2_1;TRFC_S1S2_2;TRFC_S1S2_3;TRFC_S1S2_4;TRFC_S3M4_1;TRFC_S3M4_2;TRFC_S3M4_3;TRFC_S3M4_4,Both,SSP_LCM_123D_U;SSP_LCM_123D_D,COE_LCM_123A_123D_U;COE_LCM_123A_123D_D,false,Down
2195,COD_LCM_132A_B,TR_S_343_LCM,511901,0,515251,0,TRFC_M5M6;TRFC_S1S2_1;TRFC_S1S2_2;TRFC_S1S2_3;TRFC_S1S2_4;TRFC_S3M4_1;TRFC_S3M4_2;TRFC_S3M4_3;TRFC_S3M4_4,Both,SSP_LCM_132A_U;SSP_LCM_132A_D,COE_LCM_132A_132D_U;COE_LCM_132A_132D_D,false,Up
2196,COD_LCM_132B_B,TR_S_343_LCM,515251,0,518451,0,TRFC_S1S2_1;TRFC_S1S2_2;TRFC_S1S2_3;TRFC_S3M4_1;TRFC_S3M4_2;TRFC_S3M4_3,Both,SSP_LCM_132B_U;SSP_LCM_132B_D,COE_LCM_132A_132D_U;COE_LCM_132A_132D_D,false,None
2197,COD_LCM_132C_B,TR_S_343_LCM,518451,0,521651,0,TRFC_S1S2_1;TRFC_S1S2_2;TRFC_S1S2_3;TRFC_S3M4_1;TRFC_S3M4_2;TRFC_S3M4_3,Both,SSP_LCM_132C_U;SSP_LCM_132C_D,COE_LCM_132A_132D_U;COE_LCM_132A_132D_D,false,None
2198,COD_LCM_132D_B,TR_S_343_LCM,521651,0,525001,0,TRFC_M5M6;TRFC_S1S2_1;TRFC_S1S2_2;TRFC_S1S2_3;TRFC_S1S2_4;TRFC_S3M4_1;TRFC_S3M4_2;TRFC_S3M4_3;TRFC_S3M4_4,Both,SSP_LCM_132D_U;SSP_LCM_132D_D,COE_LCM_132A_132D_U;COE_LCM_132A_132D_D,false,Down
2199,COD_LCM_134A_B,TR_S_343_LCM,532141,0,535941,0,TRFC_M5M6;TRFC_S1S2_1;TRFC_S1S2_2;TRFC_S1S2_3;TRFC_S1S2_4;TRFC_S3M4_1;TRFC_S3M4_2;TRFC_S3M4_3;TRFC_S3M4_4,Both,SSP_LCM_134A_U;SSP_LCM_134A_D,COE_LCM_134A_134D_U;COE_LCM_134A_134D_D,false,Up
2200,COD_LCM_134B_B,TR_S_343_LCM,535941,0,539141,0,TRFC_S1S2_1;TRFC_S1S2_2;TRFC_S1S2_3;TRFC_S3M4_1;TRFC_S3M4_2;TRFC_S3M4_3,Both,SSP_LCM_134B_U;SSP_LCM_134B_D,COE_LCM_134A_134D_U;COE_LCM_134A_134D_D,false,None
2201,COD_LCM_134C_B,TR_S_343_LCM,539141,0,542341,0,TRFC_S1S2_1;TRFC_S1S2_2;TRFC_S1S2_3;TRFC_S3M4_1;TRFC_S3M4_2;TRFC_S3M4_3,Both,SSP_LCM_134C_U;SSP_LCM_134C_D,COE_LCM_134A_134D_U;COE_LCM_134A_134D_D,false,None
2202,COD_LCM_134D_B,TR_S_343_LCM,542341,0,545591,0,TRFC_M5M6;TRFC_S1S2_1;TRFC_S1S2_2;TRFC_S1S2_3;TRFC_S1S2_4;TRFC_S3M4_1;TRFC_S3M4_2;TRFC_S3M4_3;TRFC_S3M4_4,Both,SSP_LCM_134D_U;SSP_LCM_134D_D,COE_LCM_134A_134D_U;COE_LCM_134A_134D_D,false,Down
2203,COD_LCM_135A_B,TR_S_343_LCM,545591,0,548841,0,TRFC_M5M6;TRFC_S1S2_1;TRFC_S1S2_2;TRFC_S1S2_3;TRFC_S1S2_4;TRFC_S3M4_1;TRFC_S3M4_2;TRFC_S3M4_3;TRFC_S3M4_4,Both,SSP_LCM_135A_U;SSP_LCM_135A_D,COE_LCM_135A_135D_U;COE_LCM_135A_135D_D,false,Up
2204,COD_LCM_135B_B,TR_S_343_LCM,548841,0,552041,0,TRFC_S1S2_1;TRFC_S1S2_2;TRFC_S1S2_3;TRFC_S3M4_1;TRFC_S3M4_2;TRFC_S3M4_3,Both,SSP_LCM_135B_U;SSP_LCM_135B_D,COE_LCM_135A_135D_U;COE_LCM_135A_135D_D,false,None
2205,COD_LCM_135C_B,TR_S_343_LCM,552041,0,555241,0,TRFC_S1S2_1;TRFC_S1S2_2;TRFC_S1S2_3;TRFC_S3M4_1;TRFC_S3M4_2;TRFC_S3M4_3,Both,SSP_LCM_135C_U;SSP_LCM_135C_D,COE_LCM_135A_135D_U;COE_LCM_135A_135D_D,false,None
2206,COD_LCM_135D_B,TR_S_343_LCM,555241,0,559041,0,TRFC_M5M6;TRFC_S1S2_1;TRFC_S1S2_2;TRFC_S1S2_3;TRFC_S1S2_4;TRFC_S3M4_1;TRFC_S3M4_2;TRFC_S3M4_3;TRFC_S3M4_4,Both,SSP_LCM_135D_U;SSP_LCM_135D_D,COE_LCM_135A_135D_U;COE_LCM_135A_135D_D,false,Down
2207,COD_LCM_141A_B,TR_S_373_LCM,531371,0,535571,0,TRFC_M5M6;TRFC_S1S2_1;TRFC_S1S2_2;TRFC_S1S2_3;TRFC_S1S2_4;TRFC_S3M4_1;TRFC_S3M4_2;TRFC_S3M4_3;TRFC_S3M4_4,Both,SSP_LCM_141A_U;SSP_LCM_141A_D,COE_LCM_141A_141D_U;COE_LCM_141A_141D_D,false,Up
2208,COD_LCM_141B_B,TR_S_373_LCM,535571,0,538771,0,TRFC_S1S2_1;TRFC_S1S2_2;TRFC_S1S2_3;TRFC_S3M4_1;TRFC_S3M4_2;TRFC_S3M4_3,Both,SSP_LCM_141B_U;SSP_LCM_141B_D,COE_LCM_141A_141D_U;COE_LCM_141A_141D_D,false,None
2209,COD_LCM_141C_B,TR_S_373_LCM,538771,0,541971,0,TRFC_S1S2_1;TRFC_S1S2_2;TRFC_S1S2_3;TRFC_S3M4_1;TRFC_S3M4_2;TRFC_S3M4_3,Both,SSP_LCM_141C_U;SSP_LCM_141C_D,COE_LCM_141A_141D_U;COE_LCM_141A_141D_D,false,None
2210,COD_LCM_141D_B,TR_S_373_LCM,541971,0,545221,0,TRFC_M5M6;TRFC_S1S2_1;TRFC_S1S2_2;TRFC_S1S2_3;TRFC_S1S2_4;TRFC_S3M4_1;TRFC_S3M4_2;TRFC_S3M4_3;TRFC_S3M4_4,Both,SSP_LCM_141D_U;SSP_LCM_141D_D,COE_LCM_141A_141D_U;COE_LCM_141A_141D_D,false,Down
2211,COD_LCM_142A_B,TR_S_373_LCM,545221,0,548471,0,TRFC_M5M6;TRFC_S1S2_1;TRFC_S1S2_2;TRFC_S1S2_3;TRFC_S1S2_4;TRFC_S3M4_1;TRFC_S3M4_2;TRFC_S3M4_3;TRFC_S3M4_4,Both,SSP_LCM_142A_U;SSP_LCM_142A_D,COE_LCM_142A_142D_U;COE_LCM_142A_142D_D,false,Up
2212,COD_LCM_142B_B,TR_S_373_LCM,548471,0,551671,0,TRFC_S1S2_1;TRFC_S1S2_2;TRFC_S1S2_3;TRFC_S3M4_1;TRFC_S3M4_2;TRFC_S3M4_3,Both,SSP_LCM_142B_D;SSP_LCM_142B_U,COE_LCM_142A_142D_U;COE_LCM_142A_142D_D,false,None
2213,COD_LCM_142C_B,TR_S_373_LCM,551671,0,554871,0,TRFC_S1S2_1;TRFC_S1S2_2;TRFC_S1S2_3;TRFC_S3M4_1;TRFC_S3M4_2;TRFC_S3M4_3,Both,SSP_LCM_142C_U;SSP_LCM_142C_D,COE_LCM_142A_142D_U;COE_LCM_142A_142D_D,false,None
2214,COD_LCM_142D_B,TR_S_373_LCM,554871,0,559071,0,TRFC_M5M6;TRFC_S1S2_1;TRFC_S1S2_2;TRFC_S1S2_3;TRFC_S1S2_4;TRFC_S3M4_1;TRFC_S3M4_2;TRFC_S3M4_3;TRFC_S3M4_4,Both,SSP_LCM_142D_U;SSP_LCM_142D_D,COE_LCM_142A_142D_U;COE_LCM_142A_142D_D,false,Down
2215,COD_LCM_150A_B,TR_S_375_LCM,526147,0,530147,0,TRFC_M5M6;TRFC_S1S2_1;TRFC_S1S2_2;TRFC_S1S2_3;TRFC_S1S2_4;TRFC_S3M4_1;TRFC_S3M4_2;TRFC_S3M4_3;TRFC_S3M4_4,Both,SSP_LCM_150A_U;SSP_LCM_150A_D,COE_LCM_150A_150D_U;COE_LCM_150A_150D_D,false,Up
2216,COD_LCM_150B_B,TR_S_375_LCM,530147,0,533347,0,TRFC_S1S2_1;TRFC_S1S2_2;TRFC_S1S2_3;TRFC_S3M4_1;TRFC_S3M4_2;TRFC_S3M4_3,Both,SSP_LCM_150B_U;SSP_LCM_150B_D,COE_LCM_150A_150D_U;COE_LCM_150A_150D_D,false,None
2217,COD_LCM_150C_B,TR_S_375_LCM,533347,0,536547,0,TRFC_S1S2_1;TRFC_S1S2_2;TRFC_S1S2_3;TRFC_S3M4_1;TRFC_S3M4_2;TRFC_S3M4_3,Both,SSP_LCM_150C_U;SSP_LCM_150C_D,COE_LCM_150A_150D_U;COE_LCM_150A_150D_D,false,None
2218,COD_LCM_150D_B,TR_S_375_LCM,536547,0,539797,0,TRFC_M5M6;TRFC_S1S2_1;TRFC_S1S2_2;TRFC_S1S2_3;TRFC_S1S2_4;TRFC_S3M4_1;TRFC_S3M4_2;TRFC_S3M4_3;TRFC_S3M4_4,Both,SSP_LCM_150D_U;SSP_LCM_150D_D,COE_LCM_150A_150D_U;COE_LCM_150A_150D_D,false,Down
2219,COD_LCM_151A_B,TR_S_375_LCM,539797,0,543047,0,TRFC_M5M6;TRFC_S1S2_1;TRFC_S1S2_2;TRFC_S1S2_3;TRFC_S1S2_4;TRFC_S3M4_1;TRFC_S3M4_2;TRFC_S3M4_3;TRFC_S3M4_4,Both,SSP_LCM_151A_U;SSP_LCM_151A_D,COE_LCM_151A_151D_U;COE_LCM_151A_151D_D,false,Up
2220,COD_LCM_151B_B,TR_S_375_LCM,543047,0,546247,0,TRFC_S1S2_1;TRFC_S1S2_2;TRFC_S1S2_3;TRFC_S3M4_1;TRFC_S3M4_2;TRFC_S3M4_3,Both,SSP_LCM_151B_U;SSP_LCM_151B_D,COE_LCM_151A_151D_U;COE_LCM_151A_151D_D,false,None
2221,COD_LCM_151C_B,TR_S_375_LCM,546247,0,549447,0,TRFC_S1S2_1;TRFC_S1S2_2;TRFC_S1S2_3;TRFC_S3M4_1;TRFC_S3M4_2;TRFC_S3M4_3,Both,SSP_LCM_151C_U;SSP_LCM_151C_D,COE_LCM_151A_151D_U;COE_LCM_151A_151D_D,false,None
2222,COD_LCM_151D_B,TR_S_375_LCM,549447,0,552697,0,TRFC_M5M6;TRFC_S1S2_1;TRFC_S1S2_2;TRFC_S1S2_3;TRFC_S1S2_4;TRFC_S3M4_1;TRFC_S3M4_2;TRFC_S3M4_3;TRFC_S3M4_4,Both,SSP_LCM_151D_U;SSP_LCM_151D_D,COE_LCM_151A_151D_U;COE_LCM_151A_151D_D,false,Down
2223,COD_LCM_152A_B,TR_S_375_LCM,552697,0,555947,0,TRFC_M5M6;TRFC_S1S2_1;TRFC_S1S2_2;TRFC_S1S2_3;TRFC_S1S2_4;TRFC_S3M4_1;TRFC_S3M4_2;TRFC_S3M4_3;TRFC_S3M4_4,Both,SSP_LCM_152A_U;SSP_LCM_152A_D,COE_LCM_152A_152D_U;COE_LCM_152A_152D_D,false,Up
2224,COD_LCM_152B_B,TR_S_375_LCM,555947,0,559147,0,TRFC_S1S2_1;TRFC_S1S2_2;TRFC_S1S2_3;TRFC_S3M4_1;TRFC_S3M4_2;TRFC_S3M4_3,Both,SSP_LCM_152B_U;SSP_LCM_152B_D,COE_LCM_152A_152D_U;COE_LCM_152A_152D_D,false,None
2225,COD_LCM_152C_B,TR_S_375_LCM,559147,0,562347,0,TRFC_S1S2_1;TRFC_S1S2_2;TRFC_S1S2_3;TRFC_S3M4_1;TRFC_S3M4_2;TRFC_S3M4_3,Both,SSP_LCM_152C_U;SSP_LCM_152C_D,COE_LCM_152A_152D_U;COE_LCM_152A_152D_D,false,None
2226,COD_LCM_152D_B,TR_S_375_LCM,562347,0,566347,0,TRFC_M5M6;TRFC_S1S2_1;TRFC_S1S2_2;TRFC_S1S2_3;TRFC_S1S2_4;TRFC_S3M4_1;TRFC_S3M4_2;TRFC_S3M4_3;TRFC_S3M4_4,Both,SSP_LCM_152D_U;SSP_LCM_152D_D,COE_LCM_152A_152D_U;COE_LCM_152A_152D_D,false,Down
2227,COD_LCM_161A_B,TR_S_347_LCM,526147,0,530347,0,TRFC_M5M6;TRFC_S1S2_1;TRFC_S1S2_2;TRFC_S1S2_3;TRFC_S1S2_4;TRFC_S3M4_1;TRFC_S3M4_2;TRFC_S3M4_3;TRFC_S3M4_4,Both,SSP_LCM_161A_U;SSP_LCM_161A_D,COE_LCM_161A_161D_U;COE_LCM_161A_161D_D,false,Up
2228,COD_LCM_161B_B,TR_S_347_LCM,530347,0,533547,0,TRFC_S1S2_1;TRFC_S1S2_2;TRFC_S1S2_3;TRFC_S3M4_1;TRFC_S3M4_2;TRFC_S3M4_3,Both,SSP_LCM_161B_U;SSP_LCM_161B_D,COE_LCM_161A_161D_U;COE_LCM_161A_161D_D,false,None
2229,COD_LCM_161C_B,TR_S_347_LCM,533547,0,536747,0,TRFC_S1S2_1;TRFC_S1S2_2;TRFC_S1S2_3;TRFC_S3M4_1;TRFC_S3M4_2;TRFC_S3M4_3,Both,SSP_LCM_161C_U;SSP_LCM_161C_D,COE_LCM_161A_161D_U;COE_LCM_161A_161D_D,false,None
2230,COD_LCM_161D_B,TR_S_347_LCM,536747,0,539997,0,TRFC_M5M6;TRFC_S1S2_1;TRFC_S1S2_2;TRFC_S1S2_3;TRFC_S1S2_4;TRFC_S3M4_1;TRFC_S3M4_2;TRFC_S3M4_3;TRFC_S3M4_4,Both,SSP_LCM_161D_U;SSP_LCM_161D_D,COE_LCM_161A_161D_U;COE_LCM_161A_161D_D,false,Down
2231,COD_LCM_162A_B,TR_S_347_LCM,539997,0,543247,0,TRFC_M5M6;TRFC_S1S2_1;TRFC_S1S2_2;TRFC_S1S2_3;TRFC_S1S2_4;TRFC_S3M4_1;TRFC_S3M4_2;TRFC_S3M4_3;TRFC_S3M4_4,Both,SSP_LCM_162A_U;SSP_LCM_162A_D,COE_LCM_162A_162D_U;COE_LCM_162A_162D_D,false,Up
2232,COD_LCM_162B_B,TR_S_347_LCM,543247,0,546447,0,TRFC_S1S2_1;TRFC_S1S2_2;TRFC_S1S2_3;TRFC_S3M4_1;TRFC_S3M4_2;TRFC_S3M4_3,Both,SSP_LCM_162B_U;SSP_LCM_162B_D,COE_LCM_162A_162D_U;COE_LCM_162A_162D_D,false,None
2233,COD_LCM_162C_B,TR_S_347_LCM,546447,0,549647,0,TRFC_S1S2_1;TRFC_S1S2_2;TRFC_S1S2_3;TRFC_S3M4_1;TRFC_S3M4_2;TRFC_S3M4_3,Both,SSP_LCM_162C_U;SSP_LCM_162C_D,COE_LCM_162A_162D_U;COE_LCM_162A_162D_D,false,None
2234,COD_LCM_162D_B,TR_S_347_LCM,549647,0,552897,0,TRFC_M5M6;TRFC_S1S2_1;TRFC_S1S2_2;TRFC_S1S2_3;TRFC_S1S2_4;TRFC_S3M4_1;TRFC_S3M4_2;TRFC_S3M4_3;TRFC_S3M4_4,Both,SSP_LCM_162D_U;SSP_LCM_162D_D,COE_LCM_162A_162D_U;COE_LCM_162A_162D_D,false,Down
2235,COD_LCM_163A_B,TR_S_347_LCM,552897,0,556147,0,TRFC_M5M6;TRFC_S1S2_1;TRFC_S1S2_2;TRFC_S1S2_3;TRFC_S1S2_4;TRFC_S3M4_1;TRFC_S3M4_2;TRFC_S3M4_3;TRFC_S3M4_4,Both,SSP_LCM_163A_U;SSP_LCM_163A_D,COE_LCM_163A_163D_U;COE_LCM_163A_163D_D,false,Up
2236,COD_LCM_163B_B,TR_S_347_LCM,556147,0,559347,0,TRFC_S1S2_1;TRFC_S1S2_2;TRFC_S1S2_3;TRFC_S3M4_1;TRFC_S3M4_2;TRFC_S3M4_3,Both,SSP_LCM_163B_U;SSP_LCM_163B_D,COE_LCM_163A_163D_U;COE_LCM_163A_163D_D,false,None
2237,COD_LCM_163C_B,TR_S_347_LCM,559347,0,562547,0,TRFC_S1S2_1;TRFC_S1S2_2;TRFC_S1S2_3;TRFC_S3M4_1;TRFC_S3M4_2;TRFC_S3M4_3,Both,SSP_LCM_163C_U;SSP_LCM_163C_D,COE_LCM_163A_163D_U;COE_LCM_163A_163D_D,false,None
2238,COD_LCM_163D_B,TR_S_347_LCM,562547,0,566747,0,TRFC_M5M6;TRFC_S1S2_1;TRFC_S1S2_2;TRFC_S1S2_3;TRFC_S1S2_4;TRFC_S3M4_1;TRFC_S3M4_2;TRFC_S3M4_3;TRFC_S3M4_4,Both,SSP_LCM_163D_U;SSP_LCM_163D_D,COE_LCM_163A_163D_U;COE_LCM_163A_163D_D,false,Down
2239,COD_LCM_113A_B,TR_S_317_LCM,525475,0,529675,0,TRFC_M5M6;TRFC_S1S2_1;TRFC_S1S2_2;TRFC_S1S2_3;TRFC_S1S2_4;TRFC_S3M4_1;TRFC_S3M4_2;TRFC_S3M4_3;TRFC_S3M4_4,Both,SSP_LCM_113A_D;SSP_LCM_113A_U,COE_LCM_113A_113D_U;COE_LCM_113A_113D_D,false,Up
2240,COD_LCM_113B_B,TR_S_317_LCM,529675,0,532875,0,TRFC_S1S2_1;TRFC_S1S2_2;TRFC_S1S2_3;TRFC_S3M4_1;TRFC_S3M4_2;TRFC_S3M4_3,Both,SSP_LCM_113B_U;SSP_LCM_113B_D,COE_LCM_113A_113D_U;COE_LCM_113A_113D_D,false,None
2241,COD_LCM_113C_B,TR_S_317_LCM,532875,0,536075,0,TRFC_S1S2_1;TRFC_S1S2_2;TRFC_S1S2_3;TRFC_S3M4_1;TRFC_S3M4_2;TRFC_S3M4_3,Both,SSP_LCM_113C_U;SSP_LCM_113C_D,COE_LCM_113A_113D_U;COE_LCM_113A_113D_D,false,None
2242,COD_LCM_113D_B,TR_S_317_LCM,536075,0,540275,0,TRFC_M5M6;TRFC_S1S2_1;TRFC_S1S2_2;TRFC_S1S2_3;TRFC_S1S2_4;TRFC_S3M4_1;TRFC_S3M4_2;TRFC_S3M4_3;TRFC_S3M4_4,Both,SSP_LCM_113D_U;SSP_LCM_113D_D,COE_LCM_113A_113D_U;COE_LCM_113A_113D_D,false,Down
2243,COD_LCM_115A_B,TR_S_317_LCM,545089,0,549289,0,TRFC_M5M6;TRFC_S1S2_1;TRFC_S1S2_2;TRFC_S1S2_3;TRFC_S1S2_4;TRFC_S3M4_1;TRFC_S3M4_2;TRFC_S3M4_3;TRFC_S3M4_4,Both,SSP_LCM_115A_U;SSP_LCM_115A_D,COE_LCM_115A_115D_U;COE_LCM_115A_115D_D,false,Up
2244,COD_LCM_115B_B,TR_S_317_LCM,549289,0,552489,0,TRFC_S1S2_1;TRFC_S1S2_2;TRFC_S1S2_3;TRFC_S3M4_1;TRFC_S3M4_2;TRFC_S3M4_3,Both,SSP_LCM_115B_U;SSP_LCM_115B_D,COE_LCM_115A_115D_U;COE_LCM_115A_115D_D,false,None
2245,COD_LCM_115C_B,TR_S_317_LCM,552489,0,555689,0,TRFC_S1S2_1;TRFC_S1S2_2;TRFC_S1S2_3;TRFC_S3M4_1;TRFC_S3M4_2;TRFC_S3M4_3,Both,SSP_LCM_115C_U;SSP_LCM_115C_D,COE_LCM_115A_115D_U;COE_LCM_115A_115D_D,false,None
2246,COD_LCM_115D_B,TR_S_317_LCM,555689,0,559889,0,TRFC_M5M6;TRFC_S1S2_1;TRFC_S1S2_2;TRFC_S1S2_3;TRFC_S1S2_4;TRFC_S3M4_1;TRFC_S3M4_2;TRFC_S3M4_3;TRFC_S3M4_4,Both,SSP_LCM_115D_U;SSP_LCM_115D_D,COE_LCM_115A_115D_U;COE_LCM_115A_115D_D,false,Down
2247,COD_LCM_180A_B,TR_S_421_LCM,545114,0,549314,0,TRFC_M5M6;TRFC_S1S2_1;TRFC_S1S2_2;TRFC_S1S2_3;TRFC_S1S2_4;TRFC_S3M4_1;TRFC_S3M4_2;TRFC_S3M4_3;TRFC_S3M4_4,Both,SSP_LCM_180A_U;SSP_LCM_180A_D,COE_LCM_180A_180D_U;COE_LCM_180A_180D_D,false,Up
2248,COD_LCM_180B_B,TR_S_421_LCM,549314,0,552514,0,TRFC_S1S2_1;TRFC_S1S2_2;TRFC_S1S2_3;TRFC_S3M4_1;TRFC_S3M4_2;TRFC_S3M4_3,Both,SSP_LCM_180B_U;SSP_LCM_180B_D,COE_LCM_180A_180D_U;COE_LCM_180A_180D_D,false,None
2249,COD_LCM_180C_B,TR_S_421_LCM,552514,0,555714,0,TRFC_S1S2_1;TRFC_S1S2_2;TRFC_S1S2_3;TRFC_S3M4_1;TRFC_S3M4_2;TRFC_S3M4_3,Both,SSP_LCM_180C_U;SSP_LCM_180C_D,COE_LCM_180A_180D_U;COE_LCM_180A_180D_D,false,None
2250,COD_LCM_180D_B,TR_S_421_LCM,555714,0,559914,0,TRFC_M5M6;TRFC_S1S2_1;TRFC_S1S2_2;TRFC_S1S2_3;TRFC_S1S2_4;TRFC_S3M4_1;TRFC_S3M4_2;TRFC_S3M4_3;TRFC_S3M4_4,Both,SSP_LCM_180D_U;SSP_LCM_180D_D,COE_LCM_180A_180D_U;COE_LCM_180A_180D_D,false,Down
2251,COD_LCM_190A_B,TR_S_315_EOS_SLW,482365,0,486565,0,TRFC_M5M6;TRFC_S1S2_1;TRFC_S1S2_2;TRFC_S1S2_3;TRFC_S1S2_4;TRFC_S3M4_1;TRFC_S3M4_2;TRFC_S3M4_3;TRFC_S3M4_4,Both,SSP_LCM_190A_U;SSP_LCM_190A_D,COE_LCM_26_2_190D_U;COE_LCM_26_2_190D_D,false,Up
2252,COD_LCM_190B_B,TR_S_315_EOS_SLW,486565,0,489765,0,TRFC_S1S2_1;TRFC_S1S2_2;TRFC_S1S2_3;TRFC_S3M4_1;TRFC_S3M4_2;TRFC_S3M4_3,Both,SSP_LCM_190B_U;SSP_LCM_190B_D,COE_LCM_26_2_190D_U;COE_LCM_26_2_190D_D,false,None
2253,COD_LCM_190C_B,TR_S_315_EOS_SLW,489765,0,492965,0,TRFC_S1S2_1;TRFC_S1S2_2;TRFC_S1S2_3;TRFC_S3M4_1;TRFC_S3M4_2;TRFC_S3M4_3,Both,SSP_LCM_190C_U;SSP_LCM_190C_D,COE_LCM_26_2_190D_U;COE_LCM_26_2_190D_D,false,None
2254,COD_LCM_190D_B,TR_S_315_EOS_SLW,492965,0,497165,0,TRFC_M5M6;TRFC_S1S2_1;TRFC_S1S2_2;TRFC_S1S2_3;TRFC_S1S2_4;TRFC_S3M4_1;TRFC_S3M4_2;TRFC_S3M4_3;TRFC_S3M4_4,Both,SSP_LCM_190D_U;SSP_LCM_190D_D,COE_LCM_26_2_190D_U;COE_LCM_26_2_190D_D,false,Down
